ZEIT;RAUMID;BEZ;PGR;BZR;PLR;STADTRAUM;E_E;E_EM;E_EW;E_E00_01;E_E01_02;E_E02_03;E_E03_05;E_E05_06;E_E06_07;E_E07_08;E_E08_10;E_E10_12;E_E12_14;E_E14_15;E_E15_18;E_E18_21;E_E21_25;E_E25_27;E_E27_30;E_E30_35;E_E35_40;E_E40_45;E_E45_50;E_E50_55;E_E55_60;E_E60_63;E_E63_65;E_E65_67;E_E67_70;E_E70_75;E_E75_80;E_E80_85;E_E85_90;E_E90_95;E_E95_110;E_EU1;E_E1U6;E_E6U15;E_E15U18;E_E18U25;E_E25U55;E_E55U65;E_E65U80;E_E80U110
201812;01011101;01;01;11;01;1;3384;1751;1633;27;37;33;53;28;27;19;36;23;9;6;38;73;249;171;254;361;250;221;165;194;192;117;74;80;124;152;186;116;39;24;6;27;151;120;38;322;1616;383;542;185
201812;01011102;01;01;11;02;1;196;127;69;0;0;0;0;3;3;0;0;0;0;0;3;9;3;18;13;15;12;18;21;18;22;13;3;0;10;9;3;0;0;0;0;0;3;3;3;12;115;38;22;0
201812;01011103;01;01;11;03;1;5038;2698;2340;48;42;42;65;46;33;31;76;69;72;44;109;120;292;177;300;431;419;309;277;368;372;219;151;134;157;220;183;112;60;39;21;48;195;325;109;412;2281;742;694;232
201812;01011104;01;01;11;04;1;4759;2626;2133;38;55;44;79;45;44;48;101;84;85;32;143;162;416;273;368;532;456;333;310;291;302;96;59;49;77;103;52;44;21;10;7;38;223;394;143;578;2563;457;281;82
201812;01011105;01;01;11;05;1;1421;771;650;16;13;12;39;3;15;12;24;18;9;9;15;37;53;42;75;174;112;114;106;120;105;51;24;41;40;59;44;24;12;3;0;16;67;87;15;90;743;180;184;39
201812;01011201;01;01;12;01;1;2405;1267;1138;17;15;24;47;16;17;23;35;38;24;12;59;60;144;95;139;251;169;155;159;161;192;96;76;46;61;102;82;51;33;6;0;17;102;149;59;204;1129;364;291;90
201812;01011202;01;01;12;02;1;632;346;286;3;3;9;6;6;3;0;6;9;9;0;24;12;15;12;42;64;65;49;47;58;41;36;13;18;19;22;22;12;3;4;0;3;24;27;24;27;337;90;81;19
201812;01011203;01;01;12;03;1;1115;594;521;9;13;3;24;10;6;3;16;3;18;7;12;19;45;37;69;105;120;97;91;100;79;39;21;19;24;44;40;27;12;3;0;9;50;53;12;64;619;139;127;42
201812;01011204;01;01;12;04;1;8279;4211;4068;100;79;96;143;60;53;47;88;89;85;49;105;157;339;244;561;1035;746;519;528;565;543;264;152;168;258;359;434;232;133;42;6;100;378;411;105;496;4198;959;1219;413
201812;01011301;01;01;13;01;1;6919;3587;3332;80;96;77;153;58;57;52;111;74;77;32;85;101;294;235;518;1040;824;680;533;484;350;157;100;113;129;158;140;79;13;16;3;80;384;403;85;395;4314;607;540;111
201812;01011302;01;01;13;02;1;12572;6499;6073;122;125;120;207;111;81;114;216;247;225;98;306;256;472;352;855;1503;1340;1209;1199;1161;798;290;150;167;194;229;226;120;52;18;9;122;563;981;306;728;7619;1238;816;199
201812;01011303;01;01;13;03;1;9999;5309;4690;78;102;73;142;69;61;65;109;108;98;52;88;208;579;423;815;1406;1034;742;619;617;557;263;167;158;210;258;414;307;127;41;9;78;386;493;88;787;5656;987;1040;484
201812;01011304;01;01;13;04;1;8761;4112;4649;86;74;101;147;63;67;77;117;115;112;54;159;190;367;266;456;745;615;473;428;473;487;297;209;173;228;381;707;619;325;119;31;86;385;542;159;557;3456;993;1489;1094
201812;01011305;01;01;13;05;1;8243;4185;4058;63;71;82;137;61;59;51;91;81;74;30;111;137;324;252;559;949;717;510;497;550;518;259;149;139;205;281;479;480;258;62;7;63;351;386;111;461;4034;926;1104;807
201812;01011306;01;01;13;06;1;10607;5379;5228;126;121;113;189;61;84;90;112;90;104;31;129;327;800;347;721;1239;1066;753;656;708;615;334;205;174;202;291;448;315;122;31;3;126;484;511;129;1127;5490;1154;1115;471
201812;01011401;01;01;14;01;1;17948;9188;8760;227;254;226;383;174;190;169;352;325;252;136;312;319;756;625;1380;2636;2241;1760;1551;1312;810;357;199;142;187;212;224;145;61;31;0;227;1037;1424;312;1075;11505;1366;765;237
201812;01011402;01;01;14;02;1;13645;6883;6762;162;180;187;330;152;157;135;270;268;201;85;188;229;435;389;977;2042;1769;1486;1297;1033;557;215;128;102;153;183;140;110;40;34;11;162;849;1116;188;664;8993;900;578;195
201812;01022101;01;02;21;01;1;3557;1967;1590;38;32;36;57;19;21;30;58;33;48;18;48;104;302;218;348;454;336;230;218;212;243;96;47;48;77;73;60;25;22;3;3;38;144;208;48;406;2016;386;258;53
201812;01022102;01;02;21;02;1;6709;3621;3088;64;60;67;120;36;46;55;71;95;103;37;142;229;622;401;620;896;574;418;401;426;359;164;98;98;118;152;101;78;32;23;3;64;283;407;142;851;3736;621;469;136
201812;01022103;01;02;21;03;1;272;149;123;0;7;0;6;9;3;3;9;12;6;9;15;6;15;7;12;27;21;22;18;24;15;3;0;0;7;6;0;7;0;3;0;0;22;42;15;21;131;18;13;10
201812;01022104;01;02;21;04;1;18974;10041;8933;178;179;196;336;128;139;140;274;267;223;119;339;504;1375;928;1621;2308;1851;1179;1127;1234;1172;587;394;340;441;545;409;270;119;33;19;178;839;1162;339;1879;10248;2153;1735;441
201812;01022105;01;02;21;05;1;5426;2879;2547;64;63;60;93;45;43;40;89;80;92;45;117;193;429;241;464;672;471;357;305;342;298;162;103;68;115;136;98;85;32;21;3;64;261;389;117;622;2852;563;417;141
201812;01022106;01;02;21;06;1;11421;5642;5779;99;99;90;198;78;81;71;149;163;159;77;223;295;594;393;688;1110;856;764;675;959;917;435;304;241;383;439;434;263;118;56;10;99;465;700;223;889;5445;1656;1497;447
201812;01022201;01;02;22;01;1;11027;5869;5158;107;117;108;231;102;105;83;138;152;127;60;206;312;807;585;1098;1546;1029;756;621;738;574;280;173;122;190;250;198;130;57;18;7;107;558;665;206;1119;6373;1027;760;212
201812;01022202;01;02;22;02;1;2495;1297;1198;46;28;40;60;21;27;30;35;47;37;22;54;94;167;133;226;336;251;160;154;156;109;42;22;18;37;47;66;24;6;0;0;46;149;198;54;261;1416;173;168;30
201812;01022203;01;02;22;03;1;7083;3585;3498;74;85;85;161;67;78;76;152;150;149;60;157;205;497;313;495;713;548;470;433;424;372;189;117;129;176;267;204;139;77;18;3;74;398;665;157;702;3396;678;776;237
201812;01022204;01;02;22;04;1;6236;3295;2941;56;58;56;91;46;43;36;89;75;79;36;92;126;330;288;403;703;594;448;398;462;417;193;115;116;159;252;230;147;61;24;13;56;251;358;92;456;3296;725;757;245
201812;01022205;01;02;22;05;1;3349;1713;1636;33;52;42;91;44;41;31;76;77;84;38;109;146;171;119;150;284;234;196;182;206;227;112;68;67;90;130;133;76;27;10;3;33;229;347;109;317;1371;407;420;116
201812;01022206;01;02;22;06;1;3044;1603;1441;21;15;40;50;28;25;22;38;45;49;16;65;73;149;114;174;281;274;229;218;264;222;84;75;70;81;99;102;78;37;3;3;21;133;195;65;222;1554;381;352;121
201812;01022207;01;02;22;07;1;5771;2970;2801;33;42;33;64;30;37;21;50;41;55;24;96;179;559;338;444;494;336;293;319;384;361;160;125;120;191;295;289;202;91;45;20;33;169;228;96;738;2608;646;895;358
201812;01033101;01;03;31;01;1;27088;14303;12785;297;356;355;662;315;279;313;574;569;537;268;766;987;1889;1214;2027;3007;2394;1762;1687;1669;1413;652;396;308;482;592;628;432;173;66;19;297;1688;2540;766;2876;13760;2461;2010;690
201812;01033102;01;03;31;02;1;12063;6281;5782;128;132;130;298;135;135;123;216;236;219;108;323;483;888;547;920;1350;1050;817;812;744;611;273;164;124;239;314;283;163;75;20;3;128;695;1037;323;1371;6240;1048;960;261
201812;01033201;01;03;32;01;1;13919;6980;6939;170;210;195;374;154;179;168;357;383;335;182;482;495;769;449;808;1336;1142;1005;862;855;745;361;240;193;314;381;339;257;129;40;10;170;933;1604;482;1264;6457;1346;1227;436
201812;01033202;01;03;32;02;1;10273;5089;5184;109;105;113;246;122;115;101;208;218;189;82;265;340;575;323;588;939;779;695;576;632;647;308;192;166;301;392;428;290;146;62;21;109;586;913;265;915;4532;1147;1287;519
201812;01033203;01;03;32;03;1;14684;7869;6815;147;201;166;337;152;147;162;278;265;305;129;439;570;1069;741;1102;1622;1307;995;924;870;779;344;168;170;294;312;342;225;85;34;3;147;856;1286;439;1639;7561;1291;1118;347
201812;01044101;01;04;41;01;1;21023;10892;10131;211;227;204;365;160;154;150;293;312;309;141;407;550;1407;943;1700;2264;1675;1264;1212;1508;1422;623;430;344;470;700;766;494;212;88;18;211;956;1359;407;1957;10566;2475;2280;812
201812;01044102;01;04;41;02;1;16630;8071;8559;193;196;164;303;141;133;136;248;198;215;99;282;374;817;588;1136;1629;1147;886;884;1120;1103;554;367;310;542;727;868;685;360;176;49;193;804;1029;282;1191;7390;2024;2447;1270
201812;01044103;01;04;41;03;1;8684;4577;4107;77;90;84;151;72;75;59;112;119;103;56;183;248;616;487;843;1108;796;606;546;557;537;268;127;107;164;184;170;91;33;12;3;77;397;524;183;864;4943;932;625;139
201812;01044201;01;04;42;01;1;24356;12970;11386;246;299;257;513;238;225;246;480;491;472;195;723;878;1785;1227;2037;2852;2010;1610;1497;1549;1255;557;305;297;403;559;557;370;150;52;21;246;1307;2109;723;2663;12782;2117;1816;593
201812;01044202;01;04;42;02;1;17122;9280;7842;184;172;162;305;132;108;107;250;232;207;122;335;560;1479;1078;1806;2374;1748;1123;940;965;844;427;241;206;268;287;224;147;74;12;3;184;771;1026;335;2039;10034;1512;985;236
201812;01044203;01;04;42;03;1;16328;8644;7684;163;167;175;283;154;132;128;283;235;248;123;373;482;988;734;1339;2008;1449;1048;961;1065;907;448;291;248;343;513;471;326;152;66;25;163;779;1149;373;1470;8604;1646;1575;569
201812;02010101;02;01;01;01;1;6823;3740;3083;76;66;73;119;64;60;58;131;129;136;50;189;249;536;365;569;808;628;448;457;392;365;168;94;88;102;160;108;65;45;9;16;76;322;564;189;785;3667;627;458;135
201812;02010102;02;01;01;02;1;13693;6912;6781;138;151;173;293;157;158;147;299;309;307;157;465;532;861;459;779;1260;1073;958;906;941;804;366;199;214;287;417;387;299;120;61;16;138;774;1377;465;1393;6376;1369;1305;496
201812;02010103;02;01;01;03;1;15302;7757;7545;147;198;165;358;160;177;158;372;369;343;173;506;572;869;500;814;1354;1165;1081;1132;1104;919;440;228;229;336;446;431;343;131;70;12;147;881;1592;506;1441;7150;1587;1442;556
201812;02010104;02;01;01;04;1;5086;2548;2538;41;46;51;110;28;40;61;131;138;124;51;188;191;254;147;299;457;403;356;370;389;329;165;113;79;126;152;123;88;24;12;0;41;235;545;188;445;2421;607;480;124
201812;02020201;02;02;02;01;1;1790;885;905;28;38;27;61;27;32;22;44;29;24;9;27;21;52;37;63;249;212;160;109;83;100;59;36;48;93;60;28;6;6;0;0;28;153;160;27;73;913;195;229;12
201812;02020202;02;02;02;02;1;6099;3187;2912;70;62;66;137;62;65;57;103;106;102;60;149;159;323;232;419;650;568;450;411;507;411;199;97;98;149;140;138;61;26;22;0;70;327;493;149;482;3237;707;525;109
201812;02020203;02;02;02;03;1;11056;5641;5415;125;146;145;232;99;96;78;193;163;154;71;162;211;502;366;748;1265;1222;967;765;822;818;335;196;172;268;278;250;140;49;12;6;125;622;755;162;713;6155;1349;968;207
201812;02020204;02;02;02;04;1;12808;6615;6193;143;148;131;226;110;109;101;193;162;170;84;238;327;651;435;875;1601;1334;1099;824;1030;909;426;211;196;261;306;268;148;60;26;6;143;615;819;238;978;7198;1546;1031;240
201812;02020205;02;02;02;05;1;15107;7622;7485;148;132;156;263;112;104;101;203;220;197;118;328;496;795;496;839;1667;1481;1190;1071;1321;1216;548;300;255;359;367;305;181;77;39;22;148;663;943;328;1291;8065;2064;1286;319
201812;02020206;02;02;02;06;1;19040;9558;9482;226;203;213;424;174;160;169;357;334;259;153;387;460;798;576;1138;2252;2278;1632;1312;1443;1280;582;349;318;388;428;353;207;115;56;16;226;1014;1432;387;1258;10631;2211;1487;394
201812;02030301;02;03;03;01;1;8996;4697;4299;60;91;78;138;79;85;49;173;154;146;103;231;296;446;264;502;957;843;814;658;786;623;228;170;138;204;299;199;122;34;20;6;60;386;710;231;742;4824;1021;840;182
201812;02030302;02;03;03;02;1;13131;6796;6335;109;152;125;229;115;95;113;225;232;206;109;316;398;616;400;815;1452;1418;1131;1011;942;890;430;243;169;279;365;288;177;63;15;3;109;621;980;316;1014;7169;1563;1101;258
201812;02030401;02;03;04;01;1;15263;7930;7333;145;175;143;307;139;122;126;230;238;189;117;291;341;675;511;1074;1831;1827;1470;1178;1100;984;421;259;212;283;297;280;165;85;34;14;145;764;1022;291;1016;8991;1664;1072;298
201812;02030402;02;03;04;02;1;11172;5839;5333;109;115;126;201;87;99;91;157;145;149;71;229;291;492;408;783;1405;1390;1102;813;839;659;320;195;150;182;242;188;91;31;6;6;109;529;712;229;783;6740;1174;762;134
201812;02040501;02;04;05;01;1;5390;2560;2830;30;41;31;89;37;46;50;85;76;93;27;97;95;200;108;201;388;317;272;283;373;369;185;128;122;163;287;531;357;187;100;22;30;198;377;97;295;1942;682;1103;666
201812;02040502;02;04;05;02;1;7443;3621;3822;86;88;80;151;56;45;59;99;94;74;43;116;141;331;255;573;961;768;506;411;458;428;185;118;105;163;206;372;245;144;74;8;86;375;414;116;472;3932;731;846;471
201812;02040503;02;04;05;03;1;11157;5594;5563;164;144;165;252;109;92;89;144;156;111;40;138;160;443;361;847;1747;1432;959;742;657;512;250;129;119;124;172;304;262;190;113;30;164;670;632;138;603;6745;891;719;595
201812;02040701;02;04;07;01;1;13151;6470;6681;134;146;139;247;107;105;81;179;146;167;77;216;306;818;544;1119;1522;1047;744;650;684;674;389;235;199;295;401;727;579;335;117;22;134;639;755;216;1124;6310;1298;1622;1053
201812;02040702;02;04;07;02;1;10973;5687;5286;111;109;97;174;99;78;87;159;156;134;56;150;264;540;377;845;1508;1371;1042;730;726;562;257;140;115;142;230;371;235;78;30;0;111;479;670;150;804;6599;959;858;343
201812;02040703;02;04;07;03;1;1155;640;515;15;15;15;27;16;17;14;27;22;27;10;24;30;66;90;155;235;129;70;41;25;36;22;3;9;9;3;0;3;0;0;0;15;73;117;24;96;745;61;21;3
201812;02050601;02;05;06;01;1;9124;4890;4234;113;103;118;190;77;78;42;143;90;82;40;95;125;444;405;923;1761;1345;838;549;484;371;141;78;72;80;92;129;72;31;13;0;113;488;475;95;569;6305;590;373;116
201812;02050602;02;05;06;02;1;21730;11233;10497;275;298;310;452;233;204;165;332;335;280;106;355;347;871;885;1929;3749;3189;2213;1530;1207;852;347;171;169;183;235;208;145;82;54;19;275;1293;1422;355;1218;14702;1370;795;300
201812;02050801;02;05;08;01;1;20028;10507;9521;251;262;222;381;148;199;163;277;260;214;116;279;357;1070;881;2121;3695;2845;1918;1248;1010;743;317;174;122;151;214;185;113;56;28;8;251;1013;1229;279;1427;13718;1234;672;205
201812;02050802;02;05;08;02;1;21280;11171;10109;320;282;247;406;191;177;132;306;241;202;85;252;356;1037;889;2148;3963;3376;2115;1522;1171;694;243;149;115;165;163;156;119;40;12;6;320;1126;1143;252;1393;15184;1086;599;177
201812;02050803;02;05;08;03;1;7598;4023;3575;79;99;115;160;59;57;46;90;89;66;28;87;135;428;348;785;1416;1079;679;372;374;286;134;86;61;84;98;95;115;44;4;0;79;433;376;87;563;5053;506;338;163
201812;02050804;02;05;08;04;1;4725;2416;2309;88;92;83;169;60;73;60;96;100;81;24;100;83;120;62;180;559;619;442;411;339;244;101;55;70;80;85;90;76;56;15;12;88;404;434;100;203;2612;400;325;159
201812;03010101;03;01;01;01;2;4119;2108;2011;52;62;62;113;65;52;37;92;69;47;31;72;83;135;74;164;415;418;305;255;341;286;149;102;82;115;117;156;101;52;15;0;52;302;328;72;218;1972;537;470;168
201812;03010102;03;01;01;02;2;12348;6002;6346;140;131;163;291;123;142;137;252;229;198;117;320;324;487;286;550;959;895;685;575;729;747;414;254;321;434;541;845;570;306;130;53;140;708;1075;320;811;4679;1415;2141;1059
201812;03010104;03;01;01;04;2;239;146;93;3;0;3;3;0;3;6;6;3;3;6;6;6;16;3;13;18;33;37;25;17;25;0;0;4;0;0;0;0;0;0;0;3;6;27;6;22;146;25;4;0
201812;03020203;03;02;02;03;2;2285;1172;1113;16;15;13;53;18;31;36;61;53;43;20;64;56;53;24;56;117;133;123;183;202;213;99;58;61;104;94;150;89;37;7;3;16;99;244;64;109;838;370;409;136
201812;03020209;03;02;02;09;2;14967;7253;7714;149;153;161;381;173;162;163;339;344;300;152;405;488;495;238;470;1005;1110;1137;1245;1347;1143;516;298;271;413;519;679;411;192;89;19;149;868;1460;405;983;6552;1957;1882;711
201812;03020210;03;02;02;10;2;11488;5622;5866;103;145;137;301;142;148;154;252;227;213;113;309;317;288;141;355;860;942;886;927;1101;849;384;231;233;343;368;501;318;139;61;0;103;725;1107;309;605;5212;1464;1445;518
201812;03020307;03;02;03;07;2;18304;8953;9351;178;203;211;453;204;222;202;425;395;384;175;525;513;480;209;469;1234;1444;1245;1385;1751;1618;752;425;413;505;620;801;542;231;71;19;178;1071;1803;525;993;7737;2795;2339;863
201812;03030405;03;03;04;05;2;11352;5450;5902;144;159;199;355;150;139;129;256;259;259;103;317;305;382;224;479;1066;970;740;714;849;762;332;221;171;293;325;479;352;164;43;12;144;863;1145;317;687;5042;1315;1268;571
201812;03030406;03;03;04;06;2;8225;4018;4207;60;72;67;143;72;79;81;141;154;150;71;233;264;201;75;163;359;496;473;628;837;863;410;251;224;324;365;472;314;135;45;3;60;354;676;233;465;3031;1524;1385;497
201812;03030711;03;03;07;11;2;6869;3421;3448;39;43;55;132;73;77;76;133;149;133;61;174;189;142;50;120;306;441;441;513;698;680;321;219;203;263;288;421;238;103;63;25;39;303;629;174;331;2569;1220;1175;429
201812;03030715;03;03;07;15;2;7664;3996;3668;65;83;67;160;81;75;52;144;145;128;72;214;226;286;121;264;504;542;412;581;748;675;303;194;214;258;308;328;237;114;47;16;65;391;616;214;512;3172;1172;1108;414
201812;03030716;03;03;07;16;2;1131;562;569;3;10;4;9;9;6;9;25;21;16;13;25;19;17;10;10;28;57;71;82;113;114;70;34;32;54;49;104;72;33;9;3;3;32;90;25;36;371;218;239;117
201812;03040508;03;04;05;08;2;4588;2316;2272;37;45;45;104;52;49;43;94;116;113;44;166;162;168;58;101;229;298;298;400;485;430;193;110;98;107;154;186;113;66;21;3;37;246;459;166;330;1869;733;545;203
201812;03040512;03;04;05;12;2;10074;4824;5250;81;93;91;179;72;82;96;197;202;158;102;297;281;292;178;400;628;691;571;793;958;813;354;230;218;288;451;612;462;140;49;15;81;435;837;297;573;4219;1397;1569;666
201812;03040513;03;04;05;13;2;3356;1613;1743;15;29;29;49;28;32;44;96;91;87;36;115;124;104;50;63;179;174;262;291;334;268;119;61;64;91;118;152;129;76;34;12;15;135;386;115;228;1353;448;425;251
201812;03040614;03;04;06;14;2;36487;17180;19307;421;485;436;905;479;451;426;903;868;669;311;885;792;1145;641;1470;3164;3247;2974;2836;2842;2239;914;578;549;740;1024;1671;1406;643;276;97;421;2305;3628;885;1937;17174;3731;3984;2422
201812;03040818;03;04;08;18;2;34800;16607;18193;353;389;419;763;345;354;321;651;658;465;237;706;639;1104;786;1843;3596;3497;2701;2553;2637;2217;961;640;623;775;1027;1435;1318;531;222;34;353;1916;2686;706;1743;17613;3818;3860;2105
201812;03050919;03;05;09;19;2;5583;2757;2826;68;86;74;123;59;46;57;96;93;76;45;120;117;247;118;291;491;423;351;361;459;399;165;119;92;136;203;321;222;76;37;12;68;342;413;120;364;2494;683;752;347
201812;03050920;03;05;09;20;2;7430;3518;3912;91;82;82;179;88;92;76;150;161;139;61;136;143;220;143;326;655;688;558;510;589;463;205;130;128;138;230;385;342;136;86;18;91;431;679;136;363;3469;798;881;582
201812;03050923;03;05;09;23;2;9674;4972;4702;150;134;133;267;92;104;88;184;161;131;80;136;195;366;278;677;1369;1132;856;701;628;543;223;142;126;151;173;199;158;66;22;9;150;626;748;136;561;5641;908;649;255
201812;03050924;03;05;09;24;2;6140;3163;2977;80;82;85;154;87;68;61;134;114;123;44;122;138;291;139;393;820;680;541;464;442;353;146;87;62;97;111;109;70;28;15;0;80;408;544;122;429;3479;586;379;113
201812;03050925;03;05;09;25;2;9755;4704;5051;118;105;148;240;125;147;118;241;254;182;122;258;240;356;165;453;935;999;825;803;781;595;224;142;115;161;172;281;304;113;30;3;118;618;1064;258;596;4961;961;729;450
201812;03051017;03;05;10;17;2;4250;2176;2074;43;39;46;90;41;27;40;77;77;51;33;70;109;214;122;242;386;383;282;337;380;359;125;90;75;98;117;160;91;34;9;3;43;216;305;70;323;2132;574;450;137
201812;03051021;03;05;10;21;2;6468;3027;3441;52;52;58;117;48;58;46;84;88;86;37;114;117;197;130;309;567;464;389;365;445;470;158;108;114;194;298;614;446;167;65;11;52;275;399;114;314;2669;736;1220;689
201812;03051022;03;05;10;22;2;4651;2109;2542;48;53;51;109;39;39;36;87;83;74;38;97;108;129;86;184;391;328;225;271;353;354;193;88;97;129;171;314;299;127;41;9;48;252;357;97;237;1838;635;711;476
201812;03061126;03;06;11;26;1;15688;7982;7706;171;170;190;339;147;138;137;255;273;204;108;225;292;712;613;1309;2248;1949;1612;1330;1062;654;234;146;167;177;246;250;166;91;47;26;171;846;1115;225;1004;10123;1034;840;330
201812;03061131;03;06;11;31;1;10755;5449;5306;129;150;157;224;140;97;114;198;188;156;64;140;195;469;412;826;1498;1359;1174;1027;841;417;155;100;77;115;121;109;60;27;16;0;129;671;817;140;664;7137;672;422;103
201812;03061227;03;06;12;27;1;14649;7155;7494;153;154;146;267;115;117;123;249;209;167;93;216;237;578;479;1172;2132;1718;1425;1230;1053;625;311;166;159;225;315;338;283;136;40;18;153;682;958;216;815;9209;1102;1037;477
201812;03061228;03;06;12;28;1;12787;6218;6569;132;147;114;200;87;71;76;126;138;150;51;177;197;577;440;986;1893;1467;940;801;852;711;273;221;168;216;326;558;414;165;92;21;132;548;612;177;774;7379;1205;1268;692
201812;03061332;03;06;13;32;1;22873;11569;11304;280;291;271;569;263;241;268;484;439;408;175;511;429;736;625;1441;2956;2756;2626;2557;2025;1039;330;195;170;187;210;189;107;58;31;6;280;1394;2015;511;1165;14986;1564;756;202
201812;03061429;03;06;14;29;1;10001;4565;5436;56;84;70;122;62;68;61;114;120;114;48;142;165;332;205;391;654;537;507;486;614;630;272;212;188;452;681;1120;899;363;172;60;56;338;525;142;497;3394;1114;2441;1494
201812;03061430;03;06;14;30;1;4126;2159;1967;51;50;57;93;53;63;55;108;95;83;42;114;137;247;91;184;343;297;219;200;279;246;95;66;76;86;125;239;221;78;27;6;51;253;446;114;384;1613;407;526;332
201812;03061434;03;06;14;34;1;6472;3225;3247;83;54;76;144;78;69;56;136;88;64;34;74;128;230;215;486;939;879;591;506;448;322;132;78;86;78;104;142;92;42;18;0;83;352;447;74;358;4064;532;410;152
201812;03061435;03;06;14;35;1;3941;1966;1975;38;41;41;74;28;25;25;66;57;38;25;78;65;198;161;290;542;454;310;261;240;221;109;50;57;59;93;125;88;54;16;12;38;184;236;78;263;2258;380;334;170
201812;03061441;03;06;14;41;1;2660;1316;1344;28;49;54;121;57;62;58;119;106;91;31;63;50;40;26;80;212;291;348;289;138;92;34;22;12;18;34;54;46;25;10;0;28;281;467;63;90;1384;148;118;81
201812;03071536;03;07;15;36;1;11137;5704;5433;140;124;119;273;122;117;129;246;218;187;87;241;278;438;314;698;1411;1227;1245;1208;1044;527;167;82;89;87;94;97;66;38;14;10;140;638;984;241;716;7147;776;367;128
201812;03071537;03;07;15;37;1;16027;8146;7881;205;244;225;424;169;187;188;305;297;300;153;349;346;540;381;980;1995;1827;1578;1569;1437;889;302;175;143;178;262;213;126;33;7;0;205;1062;1430;349;886;9767;1366;796;166
201812;03071633;03;07;16;33;1;3229;1620;1609;21;41;42;67;43;34;23;53;45;42;19;67;64;116;74;194;326;310;225;190;174;229;118;89;97;110;119;152;80;43;16;6;21;193;216;67;180;1493;436;478;145
201812;03071638;03;07;16;38;1;17709;8862;8847;202;249;226;438;209;209;200;379;358;329;138;362;330;620;502;1226;2250;1979;1876;1715;1401;824;307;166;171;201;212;350;200;62;18;0;202;1122;1613;362;950;10949;1297;934;280
201812;03071639;03;07;16;39;1;12738;6294;6444;141;160;153;302;140;121;146;335;331;304;142;277;267;415;283;656;1350;1302;1355;1358;1174;689;244;129;140;145;223;191;136;86;28;15;141;755;1379;277;682;7478;1062;699;265
201812;04010101;04;01;01;01;2;10785;5202;5583;77;114;118;176;74;85;92;181;179;161;60;216;294;535;316;517;852;708;737;711;746;759;403;237;250;376;487;576;374;219;116;39;77;482;758;216;829;4587;1399;1689;748
201812;04010102;04;01;01;02;2;812;500;312;0;13;9;21;9;6;3;12;18;3;6;25;31;51;25;33;33;60;47;46;57;67;25;21;25;33;37;46;25;15;3;7;0;52;48;25;82;301;113;141;50
201812;04010103;04;01;01;03;2;7881;3710;4171;101;86;97;176;84;94;91;156;173;137;74;227;220;322;182;318;553;507;482;518;595;500;269;152;160;214;311;418;418;159;71;16;101;443;725;227;542;3155;921;1103;664
201812;04020204;04;02;02;04;2;181;89;92;3;0;0;3;0;6;0;3;13;9;3;12;6;3;3;0;0;15;10;21;16;6;10;3;6;9;6;6;6;0;3;0;3;3;34;12;9;65;19;27;9
201812;04020205;04;02;02;05;2;1329;662;667;3;7;6;13;9;12;15;21;25;30;9;25;50;64;30;40;61;67;70;86;109;122;57;43;36;39;97;98;47;20;12;6;3;35;112;25;114;463;222;270;85
201812;04020206;04;02;02;06;2;2869;1323;1546;13;28;12;47;31;12;9;21;28;32;10;24;43;73;43;53;169;156;132;118;156;175;87;84;73;142;292;375;228;113;58;32;13;118;112;24;116;827;346;882;431
201812;04020207;04;02;02;07;2;2559;1245;1314;18;18;25;40;13;22;21;43;44;39;18;57;78;93;51;69;146;133;179;181;263;215;78;49;55;76;110;174;117;76;43;15;18;96;187;57;171;1022;342;415;251
201812;04020208;04;02;02;08;2;2922;1438;1484;12;26;21;42;26;24;34;60;71;58;42;111;121;95;25;50;82;152;129;221;301;258;97;62;57;108;172;232;145;70;18;0;12;115;289;111;216;960;417;569;233
201812;04020209;04;02;02;09;2;3214;1597;1617;13;9;16;43;26;37;31;59;50;49;39;113;150;374;157;128;190;169;165;151;229;185;90;60;53;107;157;171;118;38;28;9;13;94;265;113;524;1189;335;488;193
201812;04020310;04;02;03;10;2;616;312;304;4;4;3;3;6;0;0;3;3;0;3;3;27;118;57;69;55;34;15;31;18;34;21;6;4;13;24;34;15;9;0;0;4;16;9;3;145;279;61;75;24
201812;04020311;04;02;03;11;2;15071;7306;7765;90;114;109;211;91;107;80;240;226;208;105;351;413;695;370;551;971;888;799;966;1159;1015;494;366;343;685;981;1188;778;272;148;57;90;525;966;351;1108;5704;1875;3197;1255
201812;04020312;04;02;03;12;2;5552;2629;2923;33;30;44;89;50;34;42;90;78;88;48;113;125;222;132;219;308;312;327;326;433;395;236;160;117;212;371;380;268;139;94;37;33;213;380;113;347;2057;791;1080;538
201812;04020313;04;02;03;13;2;7452;3623;3829;75;67;69;118;48;43;46;85;96;79;48;109;181;493;267;428;650;519;452;431;555;564;257;146;162;275;329;404;285;101;58;12;75;302;397;109;674;3302;967;1170;456
201812;04020314;04;02;03;14;2;12;12;0;0;0;0;0;0;0;0;0;0;0;0;0;0;0;0;0;3;0;0;0;0;0;6;0;0;3;0;0;0;0;0;0;0;0;0;0;0;3;6;3;0
201812;04030415;04;03;04;15;1;3048;1522;1526;20;28;18;28;21;12;10;27;15;36;14;37;64;208;124;205;265;244;158;192;182;176;122;65;65;95;152;151;130;85;71;28;20;95;114;37;272;1370;363;463;314
201812;04030416;04;03;04;16;1;10652;5147;5505;101;123;111;212;105;93;87;185;179;166;98;297;335;537;320;583;941;788;711;771;790;773;419;270;229;378;393;332;175;79;44;27;101;551;808;297;872;4904;1462;1332;325
201812;04030417;04;03;04;17;1;10976;5231;5745;91;112;94;191;90;83;97;155;166;145;78;239;281;534;301;519;950;820;779;714;876;838;424;226;278;414;551;493;267;87;54;29;91;487;724;239;815;4959;1488;1736;437
201812;04030518;04;03;05;18;1;9581;4697;4884;79;78;93;137;59;74;48;106;119;99;51;130;239;558;370;636;941;773;620;614;765;752;384;216;202;306;402;361;199;94;51;25;79;367;497;130;797;4719;1352;1271;369
201812;04030519;04;03;05;19;1;5901;3021;2880;56;55;66;105;40;44;39;91;67;86;32;97;129;298;229;408;643;532;413;374;451;432;215;128;132;161;220;184;132;30;6;6;56;266;359;97;427;3050;775;697;174
201812;04030620;04;03;06;20;1;8887;4284;4603;78;59;81;137;61;53;59;100;120;108;55;153;198;425;286;494;815;686;565;574;656;645;322;202;237;292;414;416;327;147;85;37;78;338;495;153;623;4076;1169;1359;596
201812;04030621;04;03;06;21;1;3026;1627;1399;19;22;27;38;24;19;13;43;47;35;12;62;73;206;139;229;370;251;202;217;239;204;97;52;53;80;100;79;44;18;12;0;19;111;169;62;279;1647;353;312;74
201812;04030622;04;03;06;22;1;10833;5330;5503;84;106;107;182;84;96;69;113;140;111;66;193;249;520;311;581;1041;859;689;701;774;782;411;258;256;412;591;502;311;148;62;24;84;479;595;193;769;4956;1451;1761;545
201812;04030623;04;03;06;23;1;5049;2445;2604;64;53;55;98;34;53;34;65;57;51;31;79;117;277;161;318;474;474;328;311;376;334;158;106;80;155;256;193;159;58;31;9;64;240;291;79;394;2442;598;684;257
201812;04030724;04;03;07;24;1;6490;2975;3515;39;45;51;114;46;33;51;68;80;73;34;116;152;320;169;259;479;455;390;383;478;491;275;153;170;266;375;401;289;115;85;35;39;256;339;116;472;2613;919;1212;524
201812;04030725;04;03;07;25;1;12302;6082;6220;103;102;122;194;61;95;73;190;153;166;99;274;341;644;412;673;1069;952;795;839;1055;932;454;304;321;456;572;424;280;93;30;24;103;479;776;274;985;5795;1690;1773;427
201812;04030726;04;03;07;26;1;5795;2799;2996;60;74;49;97;40;42;38;65;80;75;29;140;153;251;136;227;447;436;377;373;455;422;232;149;146;226;311;319;189;84;52;21;60;260;329;140;404;2451;803;1002;346
201812;04030827;04;03;08;27;1;12235;6178;6057;114;95;108;188;91;80;80;132;190;163;70;232;312;681;460;709;1121;1043;821;880;878;901;450;290;277;407;562;463;271;97;41;28;114;482;715;232;993;5912;1641;1709;437
201812;04030828;04;03;08;28;1;9668;4803;4865;91;84;63;124;50;48;52;96;104;118;47;148;254;473;271;515;801;709;663;691;819;724;420;264;250;400;552;451;213;105;39;29;91;321;465;148;727;4469;1408;1653;386
201812;04030929;04;03;09;29;1;6072;2967;3105;40;44;51;64;51;38;33;88;77;62;39;101;123;241;182;300;466;428;380;415;510;554;262;167;163;250;346;340;149;59;43;6;40;210;337;101;364;2681;983;1099;257
201812;04030930;04;03;09;30;1;5649;2845;2804;39;55;30;83;30;37;40;69;69;76;38;119;127;194;120;246;382;319;369;438;492;495;228;173;144;258;391;329;165;60;22;12;39;198;329;119;321;2366;896;1122;259
201812;04030931;04;03;09;31;1;3711;1897;1814;31;28;36;60;26;19;27;45;44;45;25;53;74;132;98;190;319;294;239;277;267;277;165;86;76;140;208;195;138;54;22;21;31;150;205;53;206;1684;528;619;235
201812;04031032;04;03;10;32;1;15628;7613;8015;108;146;122;239;99;102;89;191;204;173;88;296;343;642;406;742;1223;1102;1048;983;1206;1234;598;399;426;628;885;930;538;234;125;79;108;606;847;296;985;6710;2231;2869;976
201812;04041133;04;04;11;33;2;60;32;28;0;0;0;0;0;0;0;0;0;0;0;0;0;3;3;3;11;12;0;3;9;4;0;0;0;3;3;0;3;3;0;0;0;0;0;0;3;41;4;6;6
201812;04041134;04;04;11;34;2;5228;2547;2681;38;28;52;83;34;71;43;99;98;81;57;83;127;209;100;142;291;293;308;368;418;372;191;121;127;194;323;408;253;107;78;31;38;197;449;83;336;1920;684;1052;469
201812;04041135;04;04;11;35;2;2829;1338;1491;22;10;16;49;31;25;21;43;39;46;22;81;66;74;31;58;136;159;148;174;238;207;124;72;57;96;224;248;160;77;43;32;22;106;196;81;140;944;403;625;312
201812;04041136;04;04;11;36;2;3072;1418;1654;18;37;25;45;29;24;24;46;42;53;24;80;62;84;40;69;123;172;200;200;234;228;92;86;79;123;221;292;160;64;69;27;18;136;213;80;146;1038;406;715;320
201812;04041137;04;04;11;37;2;8280;3837;4443;73;59;69;129;59;79;78;105;113;98;52;162;176;363;186;342;604;582;510;549;648;660;307;192;210;307;451;527;361;141;61;27;73;316;525;162;539;3421;1159;1495;590
201812;04041238;04;04;12;38;2;6086;2796;3290;47;41;58;118;52;42;65;122;130;122;51;147;175;191;95;150;318;376;363;412;466;417;209;134;156;226;362;410;307;153;113;58;47;269;532;147;366;2180;760;1154;631
201812;04041239;04;04;12;39;2;353;219;134;3;6;9;10;3;0;6;12;7;9;7;3;18;37;24;22;37;33;21;12;19;16;6;12;3;9;6;0;0;3;0;0;3;28;41;3;55;168;34;18;3
201812;04041240;04;04;12;40;2;1522;700;822;9;9;3;24;13;6;9;21;23;36;6;38;57;42;13;28;58;55;71;104;140;128;54;37;38;67;136;162;82;37;13;3;9;49;101;38;99;469;219;403;135
201812;04041241;04;04;12;41;2;7031;3176;3855;45;45;50;108;45;52;50;103;106;103;46;159;187;217;135;212;323;352;369;488;578;575;254;166;205;351;508;580;354;141;84;40;45;248;460;159;404;2457;995;1644;619
201812;04041342;04;04;13;42;2;4141;1947;2194;23;23;27;54;29;24;31;46;46;34;22;55;63;121;50;144;235;223;213;246;282;337;204;153;140;255;321;378;224;90;25;23;23;133;203;55;184;1393;694;1094;362
201812;04041343;04;04;13;43;2;3556;1653;1903;24;26;25;57;25;33;16;41;62;36;25;83;82;162;96;110;214;212;198;229;333;277;144;111;99;160;243;217;114;60;39;3;24;133;213;83;244;1392;532;719;216
201812;04041344;04;04;13;44;2;10810;4942;5868;82;94;77;173;60;97;65;183;141;164;89;261;287;405;198;376;650;611;629;722;1004;872;441;262;276;464;647;706;438;184;112;40;82;404;739;261;692;4190;1575;2093;774
201812;04051445;04;05;14;45;1;6325;3035;3290;62;58;52;94;39;44;37;80;94;96;49;136;131;295;184;312;561;439;381;399;500;480;266;165;161;225;310;329;198;83;50;15;62;243;400;136;426;2776;911;1025;346
201812;04051446;04;05;14;46;1;10778;5256;5522;72;76;90;176;84;85;64;142;148;141;77;182;234;400;247;464;751;772;661;700;841;891;439;265;310;484;666;671;386;146;72;41;72;426;657;182;634;4436;1595;2131;645
201812;04051447;04;05;14;47;1;5365;2549;2816;39;46;43;57;40;34;33;71;64;63;27;107;121;238;149;225;391;380;296;354;399;414;221;134;135;207;346;291;231;84;72;53;39;186;292;107;359;2194;769;979;440
201812;04051448;04;05;14;48;1;9367;4665;4702;71;63;69;130;69;56;49;115;113;94;48;136;159;399;215;457;732;665;587;644;817;706;387;214;243;368;556;557;353;168;77;50;71;331;475;136;558;4117;1307;1724;648
201812;04051549;04;05;15;49;1;4642;2290;2352;40;51;62;92;37;43;48;83;74;68;28;101;129;239;152;269;420;340;290;288;348;337;154;102;117;156;172;192;123;50;25;12;40;242;344;101;368;2107;593;637;210
201812;04051550;04;05;15;50;1;5574;2764;2810;57;38;47;86;38;37;35;95;82;71;38;118;141;292;198;304;458;420;389;365;476;434;191;144;133;193;254;230;116;61;23;10;57;209;358;118;433;2610;769;810;210
201812;04051551;04;05;15;51;1;4518;2214;2304;40;34;47;73;25;34;31;56;75;54;27;100;114;253;166;272;412;311;300;263;347;350;177;119;109;148;199;202;103;41;24;12;40;179;277;100;367;2071;646;658;180
201812;04051652;04;05;16;52;1;9914;4678;5236;81;76;74;141;68;76;72;114;138;124;60;223;253;402;256;454;688;671;606;641;840;803;393;242;261;420;588;550;350;141;81;27;81;359;584;223;655;4156;1438;1819;599
201812;04051653;04;05;16;53;1;6993;3451;3542;34;43;46;101;58;48;38;88;103;88;37;135;186;296;192;329;512;464;446;491;531;524;258;161;214;325;400;417;270;100;46;12;34;248;402;135;482;2965;943;1356;428
201812;04051654;04;05;16;54;1;3055;1433;1622;18;18;19;35;16;19;15;35;22;35;6;33;64;151;65;185;242;192;177;191;213;238;115;71;76;120;197;197;161;61;50;18;18;88;132;33;215;1265;424;590;290
201812;04051655;04;05;16;55;1;7300;3624;3676;75;72;60;133;67;51;49;111;105;92;48;161;201;360;212;414;656;575;466;466;564;535;270;173;164;244;329;310;211;83;25;18;75;332;456;161;561;3353;978;1047;337
201812;04051656;04;05;16;56;1;7698;3712;3986;63;69;59;133;51;59;77;138;131;124;49;193;255;343;206;393;639;567;535;495;637;556;290;180;177;244;368;341;194;71;46;15;63;312;578;193;598;3472;1026;1130;326
201812;04061757;04;06;17;57;2;72;48;24;0;0;0;0;3;0;0;0;0;0;0;0;15;0;0;0;3;0;3;0;10;7;6;0;0;10;9;3;3;0;0;0;0;3;0;0;15;16;13;22;3
201812;05010101;05;01;01;01;2;10290;4816;5474;98;98;115;208;102;99;102;205;188;164;86;256;268;377;207;357;748;680;610;617;775;724;334;212;233;337;427;607;463;300;219;74;98;523;844;256;645;3994;1270;1604;1056
201812;05010102;05;01;01;02;2;7193;3476;3717;83;95;82;142;51;37;55;101;94;81;36;134;198;384;206;393;508;457;343;393;479;590;258;182;201;287;373;483;281;125;55;6;83;370;404;134;582;2779;1030;1344;467
201812;05010103;05;01;01;03;2;7738;3764;3974;67;62;67;119;54;62;55;99;116;128;55;188;197;336;182;310;485;439;387;488;657;688;321;217;188;350;389;488;349;123;51;21;67;302;515;188;533;2948;1226;1415;544
201812;05010204;05;01;02;04;2;3608;1650;1958;25;49;44;92;45;46;42;91;96;97;54;129;140;157;72;96;189;218;168;183;224;224;122;89;70;119;148;206;170;107;65;31;25;230;426;129;297;1150;435;543;373
201812;05010205;05;01;02;05;2;1960;987;973;9;16;15;23;17;12;12;32;33;30;23;71;74;123;57;60;109;102;95;166;242;235;102;47;44;67;33;77;21;10;3;0;9;71;142;71;197;831;384;221;34
201812;05010206;05;01;02;06;2;10613;5149;5464;101;114;102;263;96;106;87;229;201;201;103;310;279;487;251;402;711;653;519;623;749;766;350;257;217;371;560;787;507;163;42;6;101;575;927;310;766;3908;1373;1935;718
201812;05010207;05;01;02;07;2;11618;5523;6095;111;124;164;256;132;133;142;271;265;253;132;388;345;459;254;468;762;745;714;689;779;831;419;273;235;366;452;635;567;190;54;10;111;676;1196;388;804;4411;1523;1688;821
201812;05010208;05;01;02;08;2;7715;3757;3958;84;89;70;166;85;85;88;142;103;99;51;158;214;372;253;451;668;561;420;516;603;616;268;160;124;230;312;333;251;94;37;12;84;410;568;158;586;3472;1044;999;394
201812;05010209;05;01;02;09;2;6103;2991;3112;49;49;43;101;49;40;43;106;91;109;45;153;187;239;127;227;337;320;318;395;532;496;248;185;176;263;337;420;265;114;36;3;49;242;434;153;426;2256;929;1196;418
201812;05010310;05;01;03;10;2;3974;1946;2028;48;44;60;90;34;43;46;73;62;55;27;92;116;199;126;252;359;283;261;249;295;267;151;80;90;123;142;145;94;38;21;9;48;228;306;92;315;1825;498;500;162
201812;05010311;05;01;03;11;2;5681;2651;3030;46;46;55;108;61;49;55;143;115;125;55;191;187;241;116;221;360;354;329;331;334;321;141;105;104;162;220;312;312;254;166;62;46;270;542;191;428;2045;567;798;794
201812;05010312;05;01;03;12;2;7394;3949;3445;93;110;80;201;80;74;75;190;156;141;68;195;279;448;261;495;759;616;499;437;499;470;191;117;120;164;208;200;108;39;15;6;93;471;704;195;727;3566;778;692;168
201812;05010313;05;01;03;13;2;6916;3577;3339;68;99;80;147;66;64;61;116;110;109;48;188;253;452;242;459;650;477;407;446;572;531;224;146;131;170;204;192;133;49;19;3;68;392;508;188;705;3253;901;697;204
201812;05010314;05;01;03;14;2;12412;6158;6254;127;158;153;258;115;91;108;186;203;187;96;280;359;690;439;682;1110;908;795;809;939;936;428;270;253;375;446;493;302;143;63;10;127;684;871;280;1049;5682;1634;1567;518
201812;05010339;05;01;03;39;2;995;547;448;19;16;16;33;22;24;16;31;43;33;15;41;30;68;31;47;97;82;60;60;60;27;15;12;20;18;21;19;9;10;0;0;19;87;162;41;98;437;54;78;19
201812;05020415;05;02;04;15;2;3862;1966;1896;22;27;28;50;39;34;29;80;74;85;42;139;160;234;62;72;149;167;180;306;526;472;211;109;93;122;125;102;69;36;15;3;22;144;344;139;394;1462;792;442;123
201812;05020416;05;02;04;16;2;1685;818;867;9;18;7;20;12;6;12;20;21;22;6;40;36;60;34;47;96;82;61;98;163;161;59;41;53;96;105;145;97;36;19;3;9;57;87;40;96;581;261;399;155
201812;05020417;05;02;04;17;2;5962;3014;2948;45;50;52;91;36;45;55;80;120;107;74;174;211;276;115;171;253;341;305;427;525;543;222;163;145;260;314;386;233;95;42;6;45;229;481;174;487;2137;928;1105;376
201812;05020418;05;02;04;18;2;4392;2185;2207;34;56;47;84;45;49;71;87;105;88;56;149;143;223;102;179;294;304;270;242;302;281;112;83;89;160;221;266;176;58;9;7;34;232;456;149;366;1693;476;736;250
201812;05020419;05;02;04;19;2;7117;3294;3823;60;86;77;145;65;72;75;135;113;131;46;154;179;303;172;285;486;405;346;381;484;497;248;133;162;232;432;610;427;124;42;10;60;373;572;154;482;2559;878;1436;603
201812;05020420;05;02;04;20;2;969;498;471;12;12;6;29;4;9;12;26;24;18;12;27;42;40;23;47;56;46;63;67;124;85;37;22;18;21;32;27;9;6;13;0;12;51;101;27;82;426;144;98;28
201812;05020521;05;02;05;21;2;3235;1545;1690;25;39;34;82;45;43;37;67;89;86;47;100;116;158;50;98;147;233;231;267;306;246;116;52;60;82;88;112;96;50;21;12;25;200;369;100;274;1332;414;342;179
201812;05020522;05;02;05;22;2;7436;3635;3801;79;107;103;186;115;107;115;196;198;160;81;244;260;346;191;296;501;537;457;416;506;454;243;144;108;219;337;366;237;98;26;3;79;511;857;244;606;2904;841;1030;364
201812;05020523;05;02;05;23;2;12761;6224;6537;157;197;223;392;187;188;203;402;356;331;193;500;463;651;292;502;906;846;738;720;751;763;335;247;229;372;525;547;340;142;54;9;157;999;1673;500;1114;4755;1345;1673;545
201812;05020524;05;02;05;24;2;6328;2982;3346;45;67;47;92;25;42;40;64;96;83;36;125;181;240;114;204;310;298;261;335;499;585;272;164;168;305;447;587;396;131;51;18;45;231;361;125;421;2021;1021;1507;596
201812;05020625;05;02;06;25;2;7664;3742;3922;91;65;70;129;54;69;67;92;101;88;46;161;220;403;204;353;655;518;429;446;522;525;254;167;178;281;342;501;362;190;65;16;91;318;463;161;623;3127;946;1302;633
201812;05020626;05;02;06;26;2;18379;9114;9265;189;169;179;329;158;148;170;282;275;279;136;374;510;1006;610;1027;1632;1302;1097;1237;1503;1418;615;373;352;561;707;852;554;205;95;35;189;835;1290;374;1516;8408;2406;2472;889
201812;05020627;05;02;06;27;2;4440;2225;2215;34;40;58;90;61;52;49;98;92;85;53;142;159;227;115;187;330;300;283;289;338;317;161;84;77;126;171;163;151;73;32;3;34;249;429;142;386;1842;562;537;259
201812;05020628;05;02;06;28;2;2041;911;1130;18;25;18;33;18;9;15;35;33;22;15;47;39;81;36;58;98;109;92;96;126;164;74;51;42;89;117;198;189;70;24;0;18;94;129;47;120;615;289;446;283
201812;05020629;05;02;06;29;2;4420;2116;2304;24;27;30;42;15;25;25;50;57;61;28;88;93;111;56;80;162;193;168;270;360;368;176;140;143;223;433;506;291;108;58;9;24;114;246;88;204;1289;684;1305;466
201812;05030730;05;03;07;30;2;4026;2021;2005;43;60;57;106;51;45;55;109;119;110;59;151;165;172;75;121;263;369;327;329;321;264;101;49;64;91;134;125;54;16;15;6;43;274;497;151;337;1805;414;414;91
201812;05030731;05;03;07;31;2;11699;5565;6134;99;115;126;256;106;114;94;200;188;179;90;269;316;524;298;532;812;798;673;724;850;906;461;282;257;429;570;646;493;213;67;12;99;603;865;269;840;4687;1649;1902;785
201812;05030832;05;03;08;32;2;12065;6028;6037;120;129;147;242;128;134;116;251;223;226;110;296;369;643;337;630;1002;848;743;746;953;837;391;238;245;333;490;536;344;181;65;12;120;646;1060;296;1012;5259;1466;1604;602
201812;05030833;05;03;08;33;2;512;242;270;3;6;3;10;6;6;0;6;3;9;0;11;18;32;19;38;43;34;34;33;45;21;9;12;15;22;22;21;22;6;3;0;3;25;24;11;50;246;42;80;31
201812;05040934;05;04;09;34;2;3539;1809;1730;22;31;20;58;28;30;35;74;75;72;34;133;112;148;67;62;137;161;146;201;268;306;183;106;97;183;246;271;142;59;28;4;22;137;320;133;260;1042;595;797;233
201812;05040935;05;04;09;35;2;454;240;214;3;3;0;10;0;6;9;9;6;6;3;10;6;20;9;18;21;25;15;36;49;35;22;15;18;12;21;21;15;12;10;9;3;13;39;10;26;173;72;72;46
201812;05040936;05;04;09;36;2;10014;4940;5074;54;112;108;238;120;117;116;246;310;263;128;354;371;265;100;181;379;608;665;776;939;803;343;207;219;383;536;569;321;123;54;6;54;578;1180;354;636;3648;1353;1707;504
201812;05040937;05;04;09;37;2;2195;1086;1109;9;14;10;30;22;18;16;39;28;44;28;58;60;42;26;22;57;93;115;130;184;180;139;62;64;133;167;195;127;52;25;6;9;76;173;58;102;627;381;559;210
201812;05040938;05;04;09;38;2;3675;1772;1903;18;21;21;62;38;35;27;73;72;71;37;106;122;110;34;61;95;174;194;209;297;320;153;123;137;179;304;319;148;68;41;6;18;142;315;106;232;1064;596;939;263
201812;06010101;06;01;01;01;2;6964;3212;3752;45;65;50;93;61;43;42;107;120;116;68;213;198;326;133;215;359;357;379;434;545;518;249;179;166;281;471;488;345;170;92;36;45;269;496;213;524;2422;946;1406;643
201812;06010102;06;01;01;02;2;8836;4201;4635;93;88;87;187;76;83;73;146;117;101;61;174;232;424;265;440;752;701;562;542;745;675;337;228;217;362;397;366;184;71;44;6;93;438;581;174;656;4007;1240;1342;305
201812;06010103;06;01;01;03;2;6336;2963;3373;61;76;69;133;54;36;46;94;83;86;33;163;174;275;163;297;549;519;451;424;537;458;221;129;148;252;281;261;170;52;32;9;61;332;378;163;449;2940;808;942;263
201812;06010204;06;01;02;04;2;6885;3264;3621;56;51;56;99;53;66;47;100;119;99;62;176;205;320;173;342;509;422;371;426;620;525;238;162;153;234;359;409;271;104;37;21;56;259;493;176;525;2863;925;1155;433
201812;06010205;06;01;02;05;2;9823;4684;5139;95;111;108;147;93;75;67;178;146;128;74;172;254;456;310;511;816;740;597;614;802;722;397;234;240;325;403;491;312;128;53;24;95;459;668;172;710;4390;1353;1459;517
201812;06010206;06;01;02;06;2;7745;3576;4169;79;70;67;145;61;78;70;104;132;119;41;152;179;299;175;365;591;560;453;473;603;548;263;158;161;299;404;475;307;157;110;47;79;343;544;152;478;3220;969;1339;621
201812;06010207;06;01;02;07;2;7850;3735;4115;75;83;68;114;71;63;59;104;106;103;52;157;186;393;221;408;673;584;450;505;594;546;333;185;177;292;387;412;260;105;66;18;75;336;487;157;579;3435;1064;1268;449
201812;06010208;06;01;02;08;2;6715;3274;3441;55;63;65;132;52;60;51;97;87;73;42;111;162;331;203;305;588;504;432;402;529;532;272;180;167;261;361;326;163;56;38;15;55;312;410;111;493;2963;984;1115;272
201812;06010209;06;01;02;09;2;9227;4296;4931;83;97;97;150;84;62;49;130;119;102;62;161;204;419;274;540;847;700;569;616;718;663;365;204;228;309;407;464;293;134;65;12;83;428;524;161;623;4264;1232;1408;504
201812;06010210;06;01;02;10;2;4939;2309;2630;46;48;35;111;53;50;44;83;57;64;23;91;94;207;141;243;432;368;307;297;418;407;186;112;91;165;227;206;165;76;66;26;46;247;321;91;301;2206;705;689;333
201812;06020301;06;02;03;01;2;5034;2393;2641;42;50;38;81;43;36;31;75;64;70;39;136;126;176;126;160;298;259;259;344;392;377;170;122;129;199;297;434;298;102;46;15;42;212;315;136;302;1838;669;1059;461
201812;06020302;06;02;03;02;2;5651;2624;3027;48;59;44;87;46;45;47;87;60;93;40;122;136;170;101;149;314;316;318;359;421;414;213;144;153;229;385;438;329;141;97;46;48;236;372;122;306;1978;771;1205;613
201812;06020303;06;02;03;03;2;7366;3400;3966;73;77;69;134;71;66;67;103;111;75;43;140;152;311;211;356;606;594;436;439;597;567;294;154;163;249;343;385;294;120;50;16;73;351;465;140;463;3239;1015;1140;480
201812;06020304;06;02;03;04;2;7211;3396;3815;84;58;75;115;65;55;51;111;93;87;61;135;176;350;192;335;598;494;440;468;586;541;242;165;171;266;360;396;274;111;47;9;84;313;458;135;526;3113;948;1193;441
201812;06020305;06;02;03;05;2;11414;5326;6088;82;94;104;191;110;122;107;222;194;173;94;270;328;599;298;488;738;707;663;654;871;780;385;245;244;442;536;704;551;231;132;55;82;499;912;270;927;4419;1410;1926;969
201812;06020306;06;02;03;06;2;6438;3111;3327;37;54;44;120;63;63;54;90;109;103;45;173;205;186;126;199;285;274;331;449;606;556;251;171;189;297;394;479;280;128;68;9;37;281;464;173;391;2270;978;1359;485
201812;06020407;06;02;04;07;2;4644;2276;2368;34;41;45;99;31;46;47;108;97;79;41;110;117;216;134;239;336;280;242;234;309;274;137;100;120;173;292;355;198;89;18;3;34;216;418;110;333;1774;511;940;308
201812;06020408;06;02;04;08;2;6922;3328;3594;64;62;67;99;68;60;71;113;110;139;56;147;214;285;156;229;380;395;393;441;552;532;222;158;159;247;418;553;351;127;39;15;64;296;549;147;499;2546;912;1377;532
201812;06020409;06;02;04;09;2;8282;3841;4441;66;58;97;103;85;80;82;120;117;126;71;202;217;285;150;240;435;478;453;503;675;590;314;191;172;324;514;664;459;213;137;61;66;343;596;202;502;2934;1095;1674;870
201812;06020410;06;02;04;10;2;7166;3380;3786;52;45;71;130;60;47;67;118;125;126;73;217;244;275;141;200;348;358;398;461;624;550;282;188;186;317;472;492;320;110;47;22;52;306;556;217;519;2530;1020;1467;499
201812;06020411;06;02;04;11;2;8575;3994;4581;54;69;82;177;64;77;62;164;174;159;82;269;232;292;144;156;381;471;443;556;696;675;370;222;248;390;545;624;401;168;94;34;54;392;718;269;524;2847;1267;1807;697
201812;06030501;06;03;05;01;2;5748;2837;2911;43;31;35;91;42;58;45;103;120;122;56;185;207;257;100;144;210;258;284;323;534;395;207;135;128;230;344;524;341;123;58;15;43;199;504;185;464;1853;737;1226;537
201812;06030502;06;03;05;02;2;5640;2534;3106;50;48;57;95;53;45;42;91;91;70;42;114;158;212;116;196;363;326;360;364;487;478;219;140;131;188;278;334;291;121;68;12;50;253;381;114;370;2212;837;931;492
201812;06030503;06;03;05;03;2;11872;5555;6317;87;101;107;223;98;92;109;208;175;194;91;299;327;485;278;470;741;682;653;768;1019;932;471;311;320;454;643;751;491;166;88;38;87;529;869;299;812;4611;1714;2168;783
201812;06030504;06;03;05;04;2;11062;5139;5923;68;74;64;186;100;96;109;194;235;213;119;308;338;361;130;226;424;493;552;686;915;812;411;259;247;488;717;888;710;343;201;95;68;424;966;308;699;3426;1482;2340;1349
201812;06030605;06;03;06;05;2;7108;3416;3692;50;50;51;112;61;41;51;124;122;109;61;153;208;348;172;277;505;450;398;465;595;564;257;155;190;305;400;428;251;97;39;19;50;274;508;153;556;2862;976;1323;406
201812;06030606;06;03;06;06;2;5273;2548;2725;49;46;41;94;34;34;28;81;72;90;53;139;166;310;125;219;399;351;305;324;475;392;196;99;107;188;255;258;195;77;53;18;49;215;358;139;476;2198;687;808;343
201812;06030607;06;03;06;07;2;3118;1555;1563;21;21;30;49;33;21;13;58;60;43;24;78;134;262;125;191;171;165;195;187;244;195;107;54;53;75;132;180;132;47;18;0;21;133;219;78;396;1278;356;440;197
201812;06030608;06;03;06;08;2;13667;6777;6890;128;120;140;277;164;140;157;320;319;331;130;471;469;491;241;358;672;797;870;1038;1178;1098;451;267;295;434;638;810;507;223;95;38;128;701;1397;471;960;5154;1816;2177;863
201812;06030609;06;03;06;09;2;12208;5808;6400;110;99;99;222;114;117;121;231;208;245;102;314;329;539;267;383;758;713;682;832;1044;988;451;310;289;490;665;796;444;164;63;19;110;534;1024;314;868;4679;1749;2240;690
201812;06030610;06;03;06;10;2;8502;3967;4535;57;70;85;137;61;82;84;175;187;185;111;275;255;296;117;199;406;486;442;628;715;691;284;190;242;379;506;553;360;121;90;33;57;353;824;275;551;2993;1165;1680;604
201812;06040701;06;04;07;01;2;10246;4989;5257;48;95;88;187;110;105;115;240;210;198;94;293;241;298;123;237;375;468;582;734;907;773;410;258;294;440;684;835;501;184;92;27;48;480;962;293;539;3426;1441;2253;804
201812;06040702;06;04;07;02;2;5506;2689;2817;34;43;58;87;68;60;68;114;123;125;64;215;188;197;64;98;202;312;310;399;446;417;218;167;167;288;323;322;203;77;43;6;34;256;554;215;385;1831;802;1100;329
201812;06040703;06;04;07;03;2;11156;5382;5774;45;72;87;183;87;109;97;212;230;209;99;291;459;750;335;402;475;506;485;692;893;770;387;244;209;395;631;781;568;268;133;52;45;429;956;291;1209;3788;1401;2016;1021
201812;06040804;06;04;08;04;2;7609;3597;4012;30;64;60;105;66;68;76;127;140;165;65;236;254;236;98;141;246;313;347;471;739;621;302;195;195;286;547;693;447;171;81;24;30;295;641;236;490;2355;1118;1721;723
201812;06040805;06;04;08;05;2;5345;2448;2897;27;28;51;84;42;41;46;117;97;111;42;177;146;186;63;112;175;248;286;356;526;394;201;149;126;261;346;449;266;110;64;18;27;205;454;177;332;1766;744;1182;458
201812;06040806;06;04;08;06;2;7313;3320;3993;40;51;46;118;49;60;52;110;166;140;99;258;236;297;117;170;262;296;362;495;695;602;303;139;200;300;467;535;408;157;54;29;40;264;627;258;533;2397;1044;1502;648
201812;06040807;06;04;08;07;2;5927;2576;3351;32;36;32;92;43;64;44;113;107;119;60;162;165;225;99;151;264;291;269;365;427;394;211;131;138;228;336;470;372;234;190;63;32;203;507;162;390;1866;736;1172;859
201812;06040808;06;04;08;08;2;4666;2238;2428;44;40;63;122;65;64;59;130;142;133;68;185;180;156;63;99;168;339;380;463;451;349;123;67;72;112;172;200;105;31;15;6;44;290;596;185;336;1963;539;556;157
201812;06040809;06;04;08;09;2;4999;2392;2607;33;28;43;73;39;51;49;115;105;107;73;197;198;193;67;114;182;218;257;350;501;402;176;126;110;200;307;340;198;96;36;15;33;183;500;197;391;1689;704;957;345
201812;06040810;06;04;08;10;2;7089;3373;3716;40;50;45;118;62;61;60;142;154;160;79;244;252;295;132;154;302;319;367;468;589;502;246;170;149;240;477;564;381;138;92;37;40;275;656;244;547;2331;918;1430;648
201812;07010101;07;01;01;01;1;9984;5256;4728;55;79;85;126;55;63;69;121;118;98;58;145;224;368;254;431;782;679;721;675;914;792;454;302;252;370;556;488;358;171;91;30;55;345;527;145;592;4456;1548;1666;650
201812;07010102;07;01;01;02;1;16634;8955;7679;163;144;155;274;139;127;136;255;265;263;143;415;490;913;554;897;1440;1294;1148;1262;1310;1210;625;363;358;505;652;550;351;151;51;31;163;712;1189;415;1403;7905;2198;2065;584
201812;07010103;07;01;01;03;1;10641;5403;5238;100;101;98;180;83;65;83;154;148;167;76;237;266;513;338;542;969;854;717;735;938;862;418;260;261;328;419;362;210;107;31;19;100;462;693;237;779;5093;1540;1370;367
201812;07010104;07;01;01;04;1;13820;7197;6623;131;138;132;254;112;125;105;237;229;252;104;287;408;731;454;763;1375;1243;986;1019;1169;1057;483;297;226;354;505;287;225;80;42;10;131;636;1052;287;1139;7009;1837;1372;357
201812;07020201;07;02;02;01;1;10705;5179;5526;81;102;77;142;77;89;58;158;136;156;71;208;256;456;342;501;846;726;646;709;952;903;385;279;265;391;617;490;325;154;82;25;81;398;668;208;712;4722;1567;1763;586
201812;07020202;07;02;02;02;1;10310;5248;5062;114;107;104;208;86;65;94;134;131;128;59;194;239;535;353;718;1156;952;705;634;747;688;348;202;203;281;395;377;223;84;31;15;114;505;611;194;774;5265;1238;1256;353
201812;07020203;07;02;02;03;1;18047;9100;8947;186;173;191;318;167;148;135;276;282;252;132;390;481;870;601;1063;1860;1583;1311;1178;1536;1343;673;387;378;545;576;475;267;145;93;32;186;849;1225;390;1351;9132;2403;1974;537
201812;07020204;07;02;02;04;1;12184;6081;6103;139;141;134;257;111;101;97;205;152;137;52;221;314;634;416;745;1429;1298;918;868;1028;951;387;229;193;271;306;263;136;33;12;6;139;643;744;221;948;6702;1567;1033;187
201812;07030301;07;03;03;01;1;24833;11610;13223;230;208;223;422;230;198;218;441;434;436;219;612;690;1049;608;1081;1664;1721;1552;1713;2251;1963;1015;625;621;999;1256;1164;578;238;123;51;230;1083;1946;612;1739;10590;3603;4040;990
201812;07030302;07;03;03;02;1;9439;4506;4933;61;92;99;167;81;70;88;128;147;156;71;243;272;491;249;463;671;686;583;600;796;751;387;268;248;324;456;420;259;65;34;13;61;439;660;243;763;4048;1406;1448;371
201812;07030303;07;03;03;03;1;12399;6022;6377;122;141;146;271;101;108;103;224;216;193;97;315;372;652;405;678;1127;1028;800;790;1033;907;420;281;244;354;474;403;264;81;40;9;122;659;941;315;1024;5861;1608;1475;394
201812;07040401;07;04;04;01;2;18738;9189;9549;173;173;223;392;181;206;186;393;373;302;182;466;600;899;445;944;1382;1396;1154;1242;1497;1399;625;413;324;560;746;847;638;250;102;25;173;969;1642;466;1499;8060;2437;2477;1015
201812;07040402;07;04;04;02;2;2368;1132;1236;13;19;19;44;18;17;27;28;37;33;15;48;40;76;42;71;114;143;124;141;201;216;100;58;65;96;129;155;125;67;62;25;13;100;157;48;116;836;374;445;279
201812;07040403;07;04;04;03;2;24316;11711;12605;252;299;269;469;210;180;186;363;360;309;170;496;565;1207;757;1454;2393;2022;1539;1505;1847;1701;816;545;550;737;960;1033;687;244;146;45;252;1247;1568;496;1772;11517;3062;3280;1122
201812;07040404;07;04;04;04;2;5196;2453;2743;49;37;50;79;34;31;41;71;65;78;41;95;108;270;113;233;358;293;252;305;421;391;202;119;121;194;279;408;279;98;65;16;49;200;327;95;378;1975;712;1002;458
201812;07040405;07;04;04;05;2;11060;5380;5680;111;117;123;205;118;81;92;200;168;164;77;229;333;644;355;628;1090;840;694;699;754;740;340;244;201;325;393;431;329;192;113;30;111;563;782;229;977;5060;1324;1350;664
201812;07040406;07;04;04;06;2;4094;2128;1966;61;72;51;98;55;45;25;83;59;49;16;57;98;214;224;332;521;384;270;221;297;246;112;74;61;84;87;103;68;12;6;9;61;276;277;57;312;2249;432;335;95
201812;07050501;07;05;05;01;2;16725;8164;8561;171;209;175;332;148;123;153;273;247;207;101;340;366;821;542;932;1467;1250;945;986;1223;1168;572;402;347;592;751;901;593;237;117;34;171;864;1104;340;1187;7345;2142;2591;981
201812;07050502;07;05;05;02;2;8119;3879;4240;54;74;75;135;43;53;51;112;101;112;57;189;221;366;213;396;599;517;444;483;574;570;291;171;182;265;346;476;401;276;190;82;54;327;486;189;587;3226;1032;1269;949
201812;07050503;07;05;05;03;2;9263;4330;4933;81;86;86;154;71;67;55;116;106;108;65;153;207;356;219;468;751;620;498;546;684;687;391;220;231;401;439;613;442;196;100;46;81;397;517;153;563;3786;1298;1684;784
201812;07050504;07;05;05;04;2;5652;2715;2937;48;59;62;88;41;52;41;89;81;91;51;134;189;257;132;211;378;364;275;341;481;437;206;161;119;177;252;347;302;142;38;6;48;250;405;134;446;2182;804;895;488
201812;07050505;07;05;05;05;2;10673;5051;5622;81;82;96;190;83;88;66;180;167;178;88;257;321;419;224;315;582;592;525;619;848;758;379;260;251;426;590;810;604;329;207;58;81;451;767;257;740;3705;1397;2077;1198
201812;07050506;07;05;05;06;2;2287;1150;1137;18;12;17;21;13;18;24;31;54;41;19;60;71;90;36;60;87;132;135;171;196;170;90;59;61;120;141;183;107;25;16;9;18;63;187;60;161;817;319;505;157
201812;07060601;07;06;06;01;2;10199;5059;5140;98;97;134;250;96;121;105;209;209;195;125;313;329;462;284;391;659;623;565;600;757;648;357;202;218;375;507;599;402;175;85;9;98;577;964;313;791;3879;1207;1699;671
201812;07060602;07;06;06;02;2;4703;2367;2336;33;38;32;73;40;38;34;90;98;90;48;127;144;154;89;125;259;242;252;335;445;411;180;110;136;187;254;327;220;53;30;9;33;183;398;127;298;1747;701;904;312
201812;07060603;07;06;06;03;2;2861;1374;1487;15;24;41;66;21;27;23;53;65;45;23;87;77;100;51;81;122;143;178;162;187;188;108;77;73;122;206;279;154;41;19;3;15;152;236;87;177;924;373;680;217
201812;07060604;07;06;06;04;2;14592;6873;7719;122;136;151;317;115;138;122;299;242;274;105;368;387;617;336;504;956;902;830;809;903;1038;514;312;336;670;879;1039;759;267;110;35;122;719;1180;368;1004;5240;1864;2924;1171
201812;07070701;07;07;07;01;2;10526;5041;5485;93;83;102;179;75;91;88;189;166;159;103;298;318;379;168;277;487;612;626;642;917;829;398;279;286;452;619;751;532;218;91;19;93;439;796;298;697;3729;1506;2108;860
201812;07070702;07;07;07;02;2;10931;5278;5653;96;104;118;230;92;93;98;204;222;177;87;289;266;399;179;322;565;624;611;706;977;874;441;278;294;485;670;718;493;145;64;10;96;544;881;289;665;3984;1593;2167;712
201812;07070703;07;07;07;03;2;7640;3585;4055;53;60;72;118;63;68;49;132;135;123;48;195;215;308;124;220;368;405;391;487;632;495;312;191;188;348;466;724;424;156;60;10;53;313;555;195;523;2627;998;1726;650
201812;07070704;07;07;07;04;2;8547;4160;4387;81;82;121;183;105;85;103;209;226;188;112;300;314;365;185;288;461;544;477;456;606;581;279;192;191;314;438;538;348;121;45;9;81;491;923;300;679;3017;1052;1481;523
201812;07070705;07;07;07;05;2;7031;3447;3584;51;59;74;125;60;42;54;119;117;137;64;227;228;258;125;164;356;347;397;475;725;614;277;174;187;300;413;488;260;71;40;3;51;318;533;227;486;2589;1065;1388;374
201812;07070706;07;07;07;06;2;3936;1879;2057;34;38;45;91;27;40;38;72;67;77;40;100;102;157;51;115;201;231;198;232;319;298;159;70;96;144;198;311;217;85;58;25;34;201;334;100;259;1347;527;749;385
201812;07070707;07;07;07;07;2;2976;1428;1548;24;31;41;69;30;34;31;45;46;54;31;70;95;83;36;52;125;162;141;184;269;248;110;72;96;133;199;259;135;47;15;9;24;171;241;70;178;969;430;687;206
201812;08010115;08;01;01;15;1;880;460;420;9;16;6;18;15;14;4;15;12;16;3;15;12;27;18;54;85;86;67;65;72;70;39;22;29;31;21;18;12;6;3;0;9;55;64;15;39;447;131;99;21
201812;08010116;08;01;01;16;1;3697;1963;1734;37;42;37;55;24;28;20;57;53;46;26;78;96;158;143;325;445;433;325;261;260;249;108;56;45;71;76;80;36;21;6;0;37;158;230;78;254;2192;413;272;63
201812;08010117;08;01;01;17;1;16138;8432;7706;164;174;186;290;136;119;118;254;213;194;81;260;302;686;617;1416;2656;2149;1301;961;948;904;355;237;224;317;350;271;144;77;31;3;164;786;979;260;988;10048;1496;1162;255
201812;08010118;08;01;01;18;1;11891;6127;5764;128;149;138;231;119;138;93;196;222;246;104;301;340;613;470;1027;1693;1245;795;690;688;619;276;145;113;182;248;235;218;125;72;32;128;637;999;301;953;6608;1040;778;447
201812;08010211;08;01;02;11;1;10029;5201;4828;104;94;100;171;71;78;84;148;158;139;76;200;230;521;430;897;1610;1240;674;590;584;533;236;152;123;179;208;206;135;40;15;3;104;436;683;200;751;6025;921;716;193
201812;08010212;08;01;02;12;1;7475;3779;3696;63;94;76;168;60;74;102;154;206;186;87;286;308;324;202;451;745;672;497;465;476;415;218;127;148;221;217;229;141;41;19;3;63;398;809;286;632;3508;760;815;204
201812;08010213;08;01;02;13;1;12455;6413;6042;137;150;139;256;114;112;96;175;192;181;75;273;337;620;506;1111;1962;1404;845;739;779;620;271;154;136;229;322;272;157;65;15;11;137;659;831;273;957;7346;1045;959;248
201812;08010214;08;01;02;14;1;8197;4245;3952;75;62;78;143;80;54;64;152;127;155;60;212;273;484;350;740;1037;729;536;488;538;464;243;145;116;167;175;177;132;84;42;15;75;363;612;212;757;4418;852;635;273
201812;08010301;08;01;03;01;1;27732;13857;13875;298;310;312;592;258;212;222;379;377;345;158;420;514;1091;930;2034;4040;3875;2616;1887;1838;1557;674;384;339;495;601;496;318;117;37;6;298;1472;1693;420;1605;17220;2615;1931;478
201812;08010302;08;01;03;02;1;3696;1853;1843;26;45;31;39;33;22;20;61;58;40;22;88;86;140;109;191;350;359;270;258;312;287;142;84;63;110;146;153;106;31;14;0;26;148;223;88;226;1849;513;472;151
201812;08010303;08;01;03;03;1;8418;4428;3990;76;95;72;154;79;79;64;140;131;129;75;145;235;390;345;762;1417;1088;621;487;474;406;178;124;95;147;151;150;80;16;10;3;76;400;618;145;625;5194;708;543;109
201812;08010404;08;01;04;04;1;23741;12271;11470;296;271;277;515;202;207;179;345;394;332;169;472;570;1209;940;2070;3847;2767;1731;1293;1346;1273;566;355;309;412;539;435;251;107;42;20;296;1265;1626;472;1779;13994;2194;1695;420
201812;08010405;08;01;04;05;1;9049;4469;4580;115;96;110;151;70;67;65;134;132;111;60;155;190;456;342;694;1369;1168;670;551;512;473;211;142;108;170;195;226;159;86;45;16;115;427;569;155;646;5306;826;699;306
201812;08010406;08;01;04;06;1;7143;3683;3460;102;112;94;214;90;84;74;137;151;126;69;155;192;346;263;494;868;752;564;400;387;384;192;102;106;131;162;171;142;49;27;3;102;510;641;155;538;3728;678;570;221
201812;08010407;08;01;04;07;1;799;413;386;16;4;3;18;0;3;9;4;6;6;0;9;12;43;39;75;164;119;46;60;54;38;6;9;11;9;9;24;0;3;0;0;16;25;28;9;55;557;53;53;3
201812;08010508;08;01;05;08;1;5772;2895;2877;86;103;105;214;92;95;100;178;140;143;63;187;216;358;215;317;453;367;308;344;388;320;153;102;74;148;164;183;109;29;18;0;86;514;719;187;574;2392;575;569;156
201812;08010509;08;01;05;09;1;9459;4756;4703;114;110;123;282;155;153;151;305;261;260;127;336;414;489;300;419;731;641;578;595;653;513;249;146;161;243;289;310;185;92;58;16;114;670;1257;336;903;3917;908;1003;351
201812;08010510;08;01;05;10;1;480;292;188;6;6;0;9;3;3;3;9;11;3;4;12;15;37;35;51;49;46;28;31;33;37;9;6;6;6;6;16;0;0;0;0;6;18;33;12;52;273;52;34;0
201812;08020619;08;02;06;19;2;11646;6060;5586;145;166;146;306;147;135;133;265;214;243;127;327;340;702;386;720;1015;893;716;701;834;701;356;196;193;279;371;451;282;107;42;7;145;765;1117;327;1042;5265;1253;1294;438
201812;08020620;08;02;06;20;2;9354;4528;4826;113;88;111;176;79;104;71;150;163;121;40;210;255;439;311;539;822;651;534;559;715;694;309;199;170;278;353;427;408;167;71;27;113;454;649;210;694;4131;1202;1228;673
201812;08020621;08;02;06;21;2;2346;1168;1178;6;18;18;41;24;29;33;45;42;43;25;69;73;87;40;57;112;123;106;171;206;240;127;75;79;110;125;116;76;18;9;3;6;101;217;69;160;815;442;430;106
201812;08020622;08;02;06;22;2;14211;6713;7498;118;130;139;271;150;116;109;238;198;190;97;305;330;590;363;572;1020;918;811;862;1210;1137;588;391;343;524;741;794;488;271;153;44;118;690;948;305;920;5756;2116;2402;956
201812;08020623;08;02;06;23;2;1281;598;683;6;12;15;24;6;0;3;13;19;19;9;41;34;39;24;36;69;55;58;75;122;112;53;39;35;57;83;89;70;25;33;6;6;57;63;41;73;439;204;264;134
201812;08020624;08;02;06;24;2;1410;724;686;9;13;16;42;24;9;15;33;36;34;22;35;33;65;36;48;80;88;130;119;109;112;39;26;20;46;46;66;34;16;6;3;9;95;149;35;98;610;177;178;59
201812;08020625;08;02;06;25;2;3319;1734;1585;19;15;16;38;22;21;27;59;69;59;21;84;123;178;85;110;161;163;192;226;272;266;115;98;77;147;221;226;121;64;15;9;19;91;256;84;301;1209;479;671;209
201812;08020726;08;02;07;26;2;8403;4028;4375;67;66;80;132;75;51;70;154;130;100;60;215;218;363;159;313;485;479;457;566;723;689;346;200;214;352;489;561;373;148;57;11;67;353;565;215;581;3182;1235;1616;589
201812;08020727;08;02;07;27;2;12013;5798;6215;96;114;103;224;108;104;127;215;187;210;102;303;369;578;282;414;667;626;592;724;940;900;440;270;243;502;697;989;590;224;58;15;96;549;945;303;947;4245;1610;2431;887
201812;08020728;08;02;07;28;2;8851;4454;4397;73;100;103;191;84;87;114;181;174;174;85;264;341;471;240;380;550;510;500;535;632;583;272;207;168;327;455;530;344;119;47;10;73;478;815;264;812;3347;1062;1480;520
201812;08030829;08;03;08;29;2;12437;5834;6603;117;141;143;275;113;104;119;241;239;212;117;343;358;520;312;502;820;673;630;691;796;821;451;280;279;389;680;1011;700;248;97;15;117;672;1032;343;878;4424;1552;2359;1060
201812;08030830;08;03;08;30;2;7415;3441;3974;61;81;67;108;54;44;65;100;100;91;40;136;146;249;167;282;487;363;348;380;509;499;271;171;169;363;630;696;452;189;79;18;61;310;440;136;395;2536;941;1858;738
201812;08030831;08;03;08;31;2;17564;8400;9164;201;221;203;389;159;184;147;324;313;343;174;502;541;810;477;753;1187;991;998;1016;1181;1188;601;374;353;591;893;1181;805;322;109;33;201;972;1485;502;1351;6603;2163;3018;1269
201812;08040932;08;04;09;32;2;2868;1350;1518;32;27;30;62;33;43;25;60;53;60;24;57;76;92;52;67;132;174;155;168;140;189;94;69;77;154;199;234;190;72;22;6;32;152;265;57;168;888;352;664;290
201812;08040933;08;04;09;33;2;4157;2005;2152;42;39;36;47;20;32;30;39;39;51;24;89;117;176;122;159;251;205;179;252;376;314;162;105;93;182;247;387;204;86;40;12;42;142;215;89;293;1544;581;909;342
201812;08040934;08;04;09;34;2;2679;1304;1375;24;30;18;62;19;24;21;36;53;47;19;75;87;111;64;107;171;164;122;135;242;236;120;56;92;142;146;126;89;32;9;0;24;129;200;75;198;1005;412;506;130
201812;08041035;08;04;10;35;2;8239;4110;4129;66;69;76;157;85;67;72;123;120;148;96;287;262;353;147;199;352;442;450;544;774;650;307;238;220;341;484;636;317;121;33;3;66;387;626;287;615;2908;1195;1681;474
201812;08041036;08;04;10;36;2;6866;3380;3486;45;55;59;118;58;60;49;115;131;103;57;191;218;282;115;163;277;358;352;397;668;589;298;195;179;338;456;463;326;104;38;9;45;290;515;191;500;2330;1082;1436;477
201812;08041037;08;04;10;37;2;9865;4816;5049;89;99;96;173;82;83;71;134;162;165;81;210;305;385;251;320;562;498;473;580;848;844;410;261;241;447;570;711;466;168;67;13;89;450;696;210;690;3532;1515;1969;714
201812;08041038;08;04;10;38;2;7011;3421;3590;62;60;62;149;57;76;74;111;115;109;58;186;214;277;122;153;303;347;423;462;607;600;260;158;180;298;431;505;359;128;49;16;62;328;543;186;491;2417;1018;1414;552
201812;08041039;08;04;10;39;2;3870;1825;2045;45;53;48;94;36;30;36;81;73;81;38;122;141;168;76;179;295;264;245;275;332;287;131;74;67;96;95;143;127;78;45;15;45;231;339;122;309;1666;492;401;265
201812;08041040;08;04;10;40;2;7930;3752;4178;69;85;87;154;77;79;66;139;154;146;91;258;300;314;136;220;417;477;415;527;668;652;324;178;205;362;403;475;318;101;24;9;69;403;675;258;614;2860;1154;1445;452
201812;09010101;09;01;01;01;2;12471;6261;6210;152;155;165;306;135;144;130;221;222;206;102;250;238;386;295;721;1658;1531;1146;945;913;702;273;161;137;190;243;314;253;109;56;12;152;761;1025;250;624;7209;1136;884;430
201812;09010102;09;01;01;02;2;69;38;31;0;0;0;3;0;3;0;0;3;0;0;6;6;0;0;6;0;0;12;7;8;3;6;0;0;0;3;3;0;0;0;0;0;3;6;6;6;33;9;6;0
201812;09010201;09;01;02;01;2;4341;2107;2234;52;51;73;115;54;65;48;97;66;74;33;76;92;115;64;194;431;429;370;302;365;268;89;67;61;80;118;180;191;93;25;3;52;293;383;76;207;2155;424;439;312
201812;09010202;09;01;02;02;2;6980;3352;3628;67;55;59;109;34;35;36;64;46;51;31;72;144;307;221;423;739;546;377;368;508;515;220;141;110;185;285;517;468;181;54;12;67;257;263;72;451;3182;876;1097;715
201812;09010301;09;01;03;01;2;15668;7468;8200;141;186;135;255;135;107;109;196;176;132;90;197;250;607;443;1071;1862;1409;888;818;980;951;408;263;219;292;437;941;1185;522;212;51;141;711;810;197;857;7471;1622;1889;1970
201812;09010302;09;01;03;02;2;2894;1460;1434;15;31;20;57;21;18;12;48;60;56;19;98;97;111;50;61;108;140;174;196;352;305;109;93;83;104;137;168;110;29;9;3;15;129;213;98;208;1081;507;492;151
201812;09010401;09;01;04;01;2;8503;3996;4507;68;80;72;155;59;69;55;107;88;92;54;132;141;271;173;354;662;554;362;439;649;593;295;152;162;269;384;839;772;285;91;25;68;366;465;132;412;3193;1040;1654;1173
201812;09010402;09;01;04;02;2;11436;5613;5823;105;118;136;246;112;100;105;222;209;189;118;310;291;458;260;563;961;888;766;791;1032;895;356;249;215;308;365;450;338;181;86;13;105;612;943;310;749;5261;1500;1338;618
201812;09020501;09;02;05;01;2;7398;3901;3497;107;99;113;186;69;67;70;115;111;106;42;145;244;538;345;666;1000;747;452;376;444;386;144;83;103;113;105;138;124;97;46;17;107;467;511;145;782;4030;613;459;284
201812;09020502;09;02;05;02;2;15732;7960;7772;183;205;217;370;175;162;119;256;230;222;100;314;533;979;581;1082;1835;1602;985;875;995;900;418;237;215;246;355;504;522;208;81;26;183;967;1089;314;1512;7955;1555;1320;837
201812;09020601;09;02;06;01;2;8970;4657;4313;125;124;127;228;90;72;86;147;141;112;61;181;239;634;363;720;1161;895;532;443;516;446;194;110;112;146;178;298;287;128;60;14;125;569;619;181;873;4630;750;734;489
201812;09020602;09;02;06;02;2;3587;1742;1845;25;28;30;58;27;24;30;63;48;57;24;63;76;115;42;135;174;220;195;199;291;290;147;100;103;154;205;282;259;93;21;9;25;143;246;63;191;1256;537;744;382
201812;09020701;09;02;07;01;2;2763;1460;1303;66;58;47;60;21;21;16;22;23;13;9;22;117;373;182;339;417;261;133;92;94;105;42;29;39;32;55;35;21;12;4;3;66;186;104;22;490;1518;176;161;40
201812;09020702;09;02;07;02;2;16805;8378;8427;187;194;175;302;151;156;113;281;255;218;124;310;405;789;502;983;1686;1350;1027;1009;1257;1163;514;337;281;404;562;891;742;297;124;16;187;822;1147;310;1194;7814;2014;2138;1179
201812;09020801;09;02;08;01;2;2948;1433;1515;43;43;39;67;34;34;24;47;39;34;18;37;63;89;67;135;308;260;198;185;229;214;108;65;78;71;113;120;89;73;24;0;43;183;196;37;152;1382;387;382;186
201812;09020802;09;02;08;02;2;7916;3937;3979;81;136;86;208;85;96;82;179;174;143;82;200;207;335;205;447;822;680;476;446;497;546;241;147;107;168;188;409;318;85;34;6;81;515;756;200;542;3573;934;872;443
201812;09030901;09;03;09;01;2;13213;6546;6667;96;153;128;289;159;150;128;293;274;223;113;326;317;406;169;391;834;909;878;976;1290;1243;543;304;275;404;525;663;428;215;93;18;96;729;1181;326;723;5447;2090;1867;754
201812;09030902;09;03;09;02;2;5665;2738;2927;42;63;72;140;54;63;51;142;118;127;61;181;168;251;110;261;411;400;297;352;510;497;232;136;116;151;166;227;157;72;31;6;42;329;562;181;419;2341;865;660;266
201812;09030903;09;03;09;03;2;8167;4095;4072;97;127;99;233;97;106;113;201;215;170;106;252;278;289;164;333;597;629;539;557;775;641;278;145;139;222;217;280;177;69;22;0;97;556;911;252;567;3594;1064;858;268
201812;09031001;09;03;10;01;2;13117;6502;6615;101;130;138;241;126;113;117;256;247;201;120;321;368;431;159;354;760;884;803;959;1252;1203;567;333;326;445;560;782;507;191;99;23;101;635;1054;321;799;5171;2103;2113;820
201812;09031101;09;03;11;01;2;6530;3193;3337;57;82;69;107;58;48;42;96;86;84;41;114;115;207;95;228;497;475;408;429;570;519;230;157;144;234;274;467;390;152;42;13;57;316;397;114;322;2702;906;1119;597
201812;09031201;09;03;12;01;2;1833;904;929;15;21;5;28;18;18;9;40;24;41;12;51;27;34;16;32;73;125;101;125;156;150;89;65;76;72;117;151;95;25;15;7;15;72;144;51;61;628;304;416;142
201812;09031202;09;03;12;02;2;2577;1275;1302;25;30;22;48;34;21;22;57;45;36;19;61;77;67;18;53;120;178;159;190;275;228;117;58;64;105;136;153;109;37;10;3;25;134;200;61;144;993;403;458;159
201812;09041301;09;04;13;01;2;14701;7139;7562;94;91;110;202;92;99;100;193;204;180;104;269;284;393;182;404;850;842;723;799;1149;1244;673;450;491;620;771;1427;1035;418;162;46;94;495;880;269;677;4949;2367;3309;1661
201812;09041302;09;04;13;02;2;1898;923;975;18;24;18;37;24;19;12;42;39;30;12;42;33;24;21;36;83;125;113;140;171;184;91;45;60;81;103;116;89;48;12;6;18;103;154;42;57;689;320;360;155
201812;09041401;09;04;14;01;2;4833;2183;2650;36;36;45;61;31;30;32;60;51;55;24;86;91;92;61;167;277;250;189;225;267;278;137;118;128;221;489;691;386;138;62;19;36;173;252;86;183;1436;533;1529;605
201812;09041402;09;04;14;02;2;1558;762;796;21;19;24;33;9;9;21;33;24;25;6;36;36;47;12;64;110;118;85;111;97;147;67;47;25;60;64;90;70;33;15;0;21;85;118;36;83;597;261;239;118
201812;09041501;09;04;15;01;2;7712;3794;3918;101;98;99;190;79;85;81;166;170;158;62;216;209;282;173;410;796;661;546;442;509;589;236;159;153;206;198;265;215;106;34;18;101;466;722;216;491;3537;984;822;373
201812;09041601;09;04;16;01;2;6755;3401;3354;43;52;49;113;51;74;67;120;124;102;42;174;139;141;46;155;322;410;385;441;753;741;308;200;206;303;333;425;296;109;25;6;43;265;529;174;280;2512;1249;1267;436
201812;09051701;09;05;17;01;2;4052;1973;2079;36;52;46;78;40;34;24;49;46;44;36;72;76;154;63;152;284;285;239;242;284;286;139;87;96;127;181;269;318;156;48;9;36;216;233;72;230;1549;512;673;531
201812;09051702;09;05;17;02;2;15002;6852;8150;129;154;136;268;145;130;124;280;252;229;132;369;307;280;127;414;833;926;968;986;1330;1168;481;314;313;411;635;1219;1122;505;234;81;129;703;1147;369;587;5584;1963;2578;1942
201812;09051801;09;05;18;01;2;9477;4735;4742;66;88;80;169;90;88;88;158;187;159;97;236;187;205;66;165;435;510;570;663;939;924;416;270;275;407;483;683;490;185;77;21;66;427;777;236;392;3348;1610;1848;773
201812;09051901;09;05;19;01;2;11304;5476;5828;167;138;137;223;89;104;81;165;128;126;63;200;245;379;286;665;1229;1040;702;595;797;763;345;242;240;315;429;543;464;272;98;34;167;587;667;200;624;5314;1350;1527;868
201812;09052001;09;05;20;01;2;12900;6036;6864;91;107;104;207;105;76;82;190;191;183;75;271;291;373;199;415;844;800;707;758;1017;1032;490;315;300;428;581;973;1078;461;126;30;91;523;797;271;664;4740;1837;2282;1695
201812;10010101;10;01;01;01;2;5752;2841;2911;67;72;93;139;70;54;40;140;140;119;52;155;136;187;123;309;591;481;353;297;400;547;304;160;137;180;142;116;93;40;15;0;67;374;545;155;323;2554;1011;575;148
201812;10010102;10;01;01;02;2;18455;9416;9039;194;211;223;468;227;237;221;422;435;427;218;552;530;767;434;789;1650;1410;1081;959;1179;1739;935;526;465;520;507;550;356;148;69;6;194;1129;1960;552;1297;7502;3200;2042;579
201812;10010203;10;01;02;03;2;1330;967;363;19;31;18;24;12;10;16;28;21;21;9;41;54;158;89;98;162;119;102;87;77;66;28;16;6;9;3;6;0;0;0;0;19;85;105;41;212;734;110;24;0
201812;10010204;10;01;02;04;2;10747;5229;5518;123;123;169;269;126;119;108;249;253;219;84;322;287;388;187;457;959;879;651;486;514;665;570;465;370;486;394;374;230;139;61;21;123;687;1032;322;675;4133;1700;1624;451
201812;10010205;10;01;02;05;2;8172;4133;4039;75;67;97;181;81;86;92;189;165;130;93;196;206;295;159;408;811;736;451;400;526;660;480;268;255;331;270;248;142;56;18;0;75;426;755;196;501;3491;1408;1104;216
201812;10010206;10;01;02;06;2;17600;8864;8736;193;167;182;338;150;186;165;316;314;265;149;352;396;736;394;759;1369;1375;975;847;877;1161;901;705;700;898;826;863;666;252;105;18;193;837;1395;352;1132;6596;2767;3287;1041
201812;10010207;10;01;02;07;2;10733;5265;5468;96;83;109;226;105;99;89;191;236;189;93;275;249;386;215;439;800;700;603;489;538;667;499;475;454;652;610;566;347;158;79;16;96;523;897;275;635;3784;1641;2282;600
201812;10010308;10;01;03;08;2;2187;1193;994;14;35;32;36;26;28;19;18;31;36;9;41;48;88;42;73;177;191;145;123;168;185;91;65;61;65;93;121;82;35;9;0;14;129;141;41;136;919;341;340;126
201812;10010309;10;01;03;09;2;14391;6960;7431;93;133;94;225;126;131;99;218;227;218;98;303;316;480;256;562;1130;1064;770;703;765;987;610;493;542;789;951;967;590;313;114;24;93;578;991;303;796;5250;2090;3249;1041
201812;10010310;10;01;03;10;2;18199;9028;9171;145;148;185;345;190;168;160;308;335;280;132;382;463;573;339;659;1315;1267;1020;870;1012;1225;831;696;801;1135;1208;1102;626;201;57;21;145;868;1383;382;1036;6482;2752;4246;905
201812;10010311;10;01;03;11;2;3695;1657;2038;45;54;48;101;46;40;27;63;61;52;19;82;60;62;51;160;358;304;193;161;263;272;129;99;79;131;134;170;210;121;84;16;45;249;262;82;122;1490;500;514;431
201812;10020412;10;02;04;12;2;6835;3359;3476;79;137;113;253;90;108;119;236;197;183;82;231;209;251;183;393;680;538;415;347;461;533;245;126;108;126;115;128;104;39;6;0;79;593;925;231;460;3017;904;477;149
201812;10020413;10;02;04;13;2;16114;7894;8220;199;230;235;407;200;172;171;356;296;269;130;336;379;684;413;1031;1690;1277;839;774;1202;1511;710;394;318;424;412;456;332;185;54;28;199;1072;1394;336;1063;7226;2615;1610;599
201812;10020414;10;02;04;14;2;1676;819;857;25;22;16;28;21;18;16;31;28;31;24;73;47;87;40;109;193;135;84;88;108;121;51;37;24;34;31;60;53;25;16;0;25;87;148;73;134;757;209;149;94
201812;10020415;10;02;04;15;2;5776;2898;2878;72;62;85;200;85;78;71;146;137;120;62;179;192;244;156;329;571;457;359;285;443;454;210;122;98;128;110;135;97;65;21;3;72;432;614;179;436;2600;786;471;186
201812;10020416;10;02;04;16;2;5646;2956;2690;73;71;83;173;79;76;68;148;139;109;54;131;185;323;188;315;685;484;344;317;406;427;200;90;80;108;98;82;70;28;12;0;73;406;594;131;508;2739;717;368;110
201812;10020517;10;02;05;17;2;9213;4464;4749;101;92;94;195;76;104;89;155;168;132;75;147;212;305;206;455;880;639;390;450;949;1048;480;231;200;253;286;372;273;115;41;0;101;457;723;147;517;3969;1759;1111;429
201812;10020518;10;02;05;18;2;5314;2605;2709;58;89;83;166;64;67;67;129;140;118;68;174;147;199;136;293;505;462;291;307;441;474;207;99;85;93;110;119;76;41;6;0;58;402;589;174;346;2435;780;407;123
201812;10020519;10;02;05;19;2;6105;3147;2958;73;102;93;213;110;101;99;185;188;158;69;197;170;257;159;370;707;508;353;278;386;443;197;116;106;89;106;124;84;39;19;6;73;518;800;197;427;2761;756;425;148
201812;10020620;10;02;06;20;2;3367;1668;1699;38;40;37;84;21;28;37;54;34;33;12;48;48;125;107;226;386;308;157;156;275;346;166;113;91;106;100;83;65;28;15;0;38;182;198;48;173;1615;625;380;108
201812;10020621;10;02;06;21;2;6329;3122;3207;102;113;120;194;112;76;82;169;123;142;52;155;170;305;176;466;731;491;331;295;436;554;217;114;94;130;114;130;98;31;6;0;102;539;644;155;475;2926;885;468;135
201812;10020622;10;02;06;22;2;8634;4023;4611;70;85;66;163;64;87;72;141;128;133;36;161;152;206;164;403;806;624;435;376;517;709;432;321;331;431;414;455;338;191;88;35;70;378;597;161;358;3325;1462;1631;652
201812;10020623;10;02;06;23;2;6527;3102;3425;45;54;54;124;49;46;62;106;99;85;39;102;131;157;80;217;451;415;294;272;581;826;395;235;181;241;304;379;285;146;60;12;45;281;437;102;288;2310;1456;1105;503
201812;10030724;10;03;07;24;2;7871;3887;3984;43;37;59;105;57;57;50;114;122;97;49;114;218;412;207;255;418;433;404;409;670;746;367;278;277;363;396;541;330;165;60;18;43;258;489;114;630;2796;1391;1577;573
201812;10030725;10;03;07;25;2;6311;3177;3134;52;49;52;112;49;60;52;107;98;80;49;153;175;234;121;263;491;443;382;303;495;547;345;209;204;257;267;306;200;110;34;12;52;262;446;153;409;2498;1101;1034;356
201812;10030726;10;03;07;26;2;3497;1697;1800;37;39;45;69;48;69;34;61;65;53;19;81;76;92;40;76;234;286;221;231;288;294;122;92;73;102;156;169;159;106;42;18;37;201;301;81;168;1376;508;500;325
201812;10030727;10;03;07;27;2;9733;4836;4897;69;87;76;181;82;106;111;182;206;167;91;226;203;208;79;193;417;641;637;700;956;1060;474;347;302;379;430;512;338;150;88;35;69;426;863;226;411;3623;1881;1623;611
201812;10040828;10;04;08;28;2;7805;3859;3946;62;60;69;121;93;69;75;148;141;126;57;193;196;190;89;228;480;498;444;464;858;971;430;249;211;285;330;335;232;65;33;3;62;343;616;193;386;3061;1650;1161;333
201812;10040829;10;04;08;29;2;3923;1956;1967;40;42;43;67;33;33;33;63;53;63;36;99;108;131;56;105;263;249;233;285;384;383;146;104;110;138;191;219;127;62;18;6;40;185;281;99;239;1575;633;658;213
201812;10040830;10;04;08;30;2;7646;3783;3863;39;67;48;127;87;86;85;158;157;137;59;168;189;137;56;141;325;455;492;591;707;802;412;260;254;340;356;498;283;94;24;12;39;329;682;168;326;2767;1474;1448;413
201812;10040931;10;04;09;31;2;9714;4853;4861;89;67;109;184;112;99;90;204;175;147;72;213;191;208;80;192;552;647;654;596;1005;1165;515;316;281;363;382;506;299;125;58;18;89;472;787;213;399;3726;1996;1532;500
201812;10040932;10;04;09;32;2;4273;2141;2132;52;36;45;82;27;48;36;66;64;52;27;117;113;104;71;142;273;315;220;252;384;481;194;116;121;172;178;252;160;48;16;9;52;190;293;117;217;1657;791;723;233
201812;10040933;10;04;09;33;2;15169;7559;7610;91;136;124;327;140;149;161;278;294;253;110;404;328;348;135;281;700;967;939;1079;1618;1722;766;473;421;620;660;871;507;187;70;10;91;727;1245;404;676;5719;2961;2572;774
201812;11010101;11;01;01;01;2;648;409;239;12;6;0;10;3;6;3;9;9;3;9;21;14;24;18;23;53;46;44;48;64;72;34;26;13;18;19;21;14;3;3;0;12;19;39;21;38;296;132;71;20
201812;11010102;11;01;01;02;2;2594;1304;1290;16;15;15;40;21;16;14;61;57;53;31;66;50;45;12;39;121;178;162;169;291;369;167;102;91;103;80;127;49;28;6;0;16;91;232;66;95;972;638;401;83
201812;11010103;11;01;01;03;2;1541;828;713;16;21;12;34;19;15;15;39;32;31;15;41;41;73;16;54;84;117;107;115;159;186;87;48;29;40;26;36;15;15;3;0;16;86;147;41;114;652;321;131;33
201812;11010204;11;01;02;04;2;8928;4352;4576;99;147;122;218;120;115;109;218;206;177;104;249;210;335;198;430;842;712;467;486;690;885;397;201;183;193;244;232;178;93;50;18;99;607;929;249;545;3825;1483;852;339
201812;11010205;11;01;02;05;2;6704;3362;3342;56;71;79;128;72;85;66;161;128;137;68;188;157;218;128;318;677;468;374;375;508;709;341;213;186;177;203;208;122;65;15;3;56;350;645;188;375;2848;1263;774;205
201812;11010206;11;01;02;06;2;6078;2916;3162;80;64;78;116;60;57;58;134;102;119;56;152;150;230;120;235;496;439;274;292;417;739;311;178;164;232;217;232;169;81;20;6;80;318;526;152;380;2273;1228;845;276
201812;11010207;11;01;02;07;2;7459;3606;3853;101;104;119;208;96;90;80;169;139;110;68;175;177;321;180;356;761;617;416;348;468;614;325;221;166;173;202;244;200;146;53;12;101;527;656;175;498;3146;1160;785;411
201812;11010308;11;01;03;08;2;11808;5784;6024;104;121;147;275;143;129;110;254;219;240;97;273;258;373;210;477;971;775;602;516;724;1226;717;461;349;479;434;502;360;171;76;15;104;686;1049;273;631;4275;2404;1764;622
201812;11010309;11;01;03;09;2;9715;4933;4782;85;123;112;226;108;107;97;238;238;183;89;265;279;377;222;387;824;744;533;540;679;891;495;279;267;287;327;331;229;128;18;7;85;569;952;265;656;3929;1665;1212;382
201812;11010310;11;01;03;10;2;5754;2879;2875;70;65;52;98;47;65;43;97;98;78;39;97;109;200;126;255;479;441;263;223;297;550;398;261;230;280;287;290;141;57;18;0;70;262;420;97;309;2084;1209;1087;216
201812;11020411;11;02;04;11;2;9461;4746;4715;93;154;153;271;132;127;127;224;167;167;69;226;209;418;204;373;758;634;579;553;678;770;408;232;212;303;368;470;255;93;31;3;93;710;881;226;627;3779;1410;1353;382
201812;11020412;11;02;04;12;2;6827;3336;3491;65;76;58;122;58;63;70;125;113;132;56;149;166;286;130;286;539;518;420;347;439;469;267;202;222;286;309;361;285;121;63;24;65;314;559;149;452;2679;938;1178;493
201812;11020513;11;02;05;13;2;3964;1927;2037;36;32;65;113;55;62;56;122;115;90;39;122;90;102;36;119;251;280;266;233;301;306;142;87;79;129;185;191;127;79;41;13;36;265;484;122;192;1486;535;584;260
201812;11020514;11;02;05;14;2;9628;4795;4833;118;135;112;243;96;114;82;181;147;116;91;188;209;424;248;603;1174;859;714;623;696;595;268;157;156;230;285;317;269;132;40;6;118;586;731;188;633;4917;1020;988;447
201812;11020515;11;02;05;15;2;14813;7160;7653;137;171;187;305;144;154;134;264;251;236;109;365;412;619;296;677;1207;996;911;862;909;949;454;383;412;701;870;926;492;201;64;15;137;807;1148;365;1031;5858;1786;2909;772
201812;11020516;11;02;05;16;2;4033;1995;2038;50;63;47;75;39;33;36;49;52;72;27;83;70;103;57;183;412;314;265;259;297;341;198;112;113;133;148;200;123;61;18;0;50;224;269;83;173;1787;651;594;202
201812;11030617;11;03;06;17;2;6310;3114;3196;57;73;61;97;61;54;59;96;98;79;41;113;143;329;202;393;631;426;279;338;299;324;144;104;85;194;430;562;338;137;42;21;57;292;427;113;472;2568;572;1271;538
201812;11030618;11;03;06;18;2;16424;8078;8346;152;130;141;240;132;124;95;226;181;193;93;273;470;855;502;993;1537;1090;827;800;964;1022;462;310;339;606;957;1313;893;375;117;12;152;643;912;273;1325;6713;1794;3215;1397
201812;11030619;11;03;06;19;2;11012;5415;5597;123;120;117;225;100;96;101;180;155;167;70;199;253;511;306;638;1093;798;609;585;643;635;322;211;188;334;616;836;493;188;78;22;123;562;769;199;764;4672;1168;1974;781
201812;11030720;11;03;07;20;2;5732;3502;2230;62;54;31;78;36;34;30;64;58;46;30;60;265;645;343;519;686;528;379;308;367;330;138;66;64;84;85;94;90;95;53;10;62;199;262;60;910;3130;534;327;248
201812;11030721;11;03;07;21;2;25075;12782;12293;312;327;338;556;230;209;224;374;341;331;136;443;539;1182;818;1748;3341;2836;1818;1471;1458;1398;702;401;359;471;594;777;715;401;175;50;312;1451;1615;443;1721;13490;2501;2201;1341
201812;11030824;11;03;08;24;2;10084;5039;5045;84;93;97;184;72;81;78;183;170;143;59;214;280;652;327;639;968;702;547;490;655;619;336;160;177;275;474;706;433;143;39;4;84;446;714;214;932;4328;1115;1632;619
201812;11040925;11;04;09;25;2;4214;2201;2013;72;71;76;128;73;43;48;86;91;69;34;106;89;147;120;238;636;648;439;329;286;176;61;31;19;36;28;12;10;12;0;0;72;348;371;106;236;2696;268;95;22
201812;11040926;11;04;09;26;2;29258;14752;14506;368;359;377;643;272;272;212;422;384;339;156;446;571;1351;970;2357;4328;3301;2040;1564;1640;1567;793;503;538;697;779;928;660;305;105;11;368;1651;1785;446;1922;16200;2863;2942;1081
201812;11041022;11;04;10;22;2;5507;2897;2610;48;39;34;77;30;41;23;64;55;50;31;78;133;368;231;423;637;417;284;240;293;306;156;115;94;91;166;435;369;136;36;7;48;180;264;78;501;2525;577;786;548
201812;11041023;11;04;10;23;2;6692;3299;3393;88;102;84;161;79;72;69;147;107;121;48;148;163;325;203;458;745;558;360;324;302;376;197;139;166;244;248;293;198;85;63;19;88;426;564;148;488;2950;712;951;365
201812;11041027;11;04;10;27;2;3022;1517;1505;21;36;43;64;29;28;24;53;49;43;15;66;75;154;80;181;280;235;149;133;148;191;110;98;64;116;135;153;136;74;30;9;21;172;212;66;229;1206;399;468;249
201812;11041128;11;04;11;28;2;25613;12090;13523;208;250;253;404;191;158;194;320;324;303;143;450;591;1159;706;1313;2071;1697;1151;1178;1461;1543;808;526;535;866;1424;2370;1889;798;285;44;208;1098;1442;450;1750;9577;2877;5195;3016
201812;11051229;11;05;12;29;2;4216;2113;2103;70;100;82;146;52;79;65;98;123;87;39;102;75;125;68;196;473;472;385;309;266;206;97;53;64;58;76;112;72;45;15;6;70;380;491;102;200;2169;356;310;138
201812;11051330;11;05;13;30;2;9821;4933;4888;150;151;135;242;117;103;86;183;160;136;55;161;230;569;376;638;1097;1036;645;575;664;607;278;169;156;194;239;303;203;107;53;3;150;645;723;161;799;5031;1054;892;366
201812;11051331;11;05;13;31;2;10540;5000;5540;112;143;135;261;119;138;102;228;198;179;100;246;212;275;136;383;835;845;731;735;856;799;370;233;229;276;384;593;403;175;78;31;112;658;945;246;487;4521;1402;1482;687
201812;11051332;11;05;13;32;2;7018;3427;3591;51;84;109;240;103;105;120;257;206;181;72;212;158;168;94;207;457;647;624;574;589;478;200;118;109;165;172;225;158;102;21;12;51;536;941;212;326;3192;796;671;293
201812;12103115;12;10;31;15;2;7749;3857;3892;71;107;75;113;76;58;49;115;109;98;69;146;220;478;267;445;714;559;427;491;610;581;265;154;156;246;283;339;271;111;40;6;71;371;498;146;698;3513;1000;1024;428
201812;12103116;12;10;31;16;2;9871;5040;4831;107;115;107;238;108;102;93;175;198;180;84;276;299;587;335;577;925;745;642;644;730;707;288;182;159;218;279;316;260;115;65;15;107;568;832;276;886;4598;1177;972;455
201812;12103117;12;10;31;17;2;10930;5607;5323;151;142;128;238;92;122;126;189;167;202;82;280;296;659;431;744;1051;857;692;659;751;741;346;230;183;277;338;360;268;92;30;6;151;600;888;280;955;5185;1317;1158;396
201812;12103218;12;10;32;18;2;13835;6851;6984;150;149;139;279;125;128;114;222;201;212;111;326;436;839;488;849;1116;920;726;844;1057;977;477;263;247;368;566;617;489;233;131;36;150;692;988;326;1275;6000;1717;1798;889
201812;12103219;12;10;32;19;2;8778;4268;4510;89;81;106;160;62;72;80;129;131;119;69;164;248;487;311;514;747;590;505;470;601;622;285;193;171;279;363;426;377;192;102;33;89;409;600;164;735;3738;1100;1239;704
201812;12103220;12;10;32;20;2;4633;2275;2358;52;56;42;68;33;34;31;56;59;38;27;55;110;212;113;205;394;331;251;286;419;370;193;104;114;140;212;274;229;82;33;10;52;199;245;55;322;1999;667;740;354
201812;12214125;12;21;41;25;2;7497;4092;3405;51;63;70;130;78;60;74;122;128;105;51;162;219;320;183;284;451;533;531;522;649;620;281;194;162;289;395;391;248;94;34;3;51;341;540;162;539;3153;1095;1237;379
201812;12214126;12;21;41;26;2;8106;3924;4182;79;71;111;150;68;85;59;146;119;147;92;198;209;402;206;387;612;503;471;530;609;614;267;178;174;271;410;463;275;133;64;3;79;400;648;198;611;3318;1059;1318;475
201812;12214421;12;21;44;21;2;2747;1382;1365;30;27;24;55;18;30;19;49;46;27;33;47;71;124;81;136;245;193;187;201;222;219;102;55;37;90;112;124;82;42;19;0;30;124;204;47;195;1265;376;363;143
201812;12214422;12;21;44;22;2;8224;4108;4116;102;112;87;224;92;82;97;187;201;190;96;262;274;500;271;395;651;557;496;504;581;525;246;146;124;244;287;364;227;68;25;7;102;515;853;262;774;3455;917;1019;327
201812;12214423;12;21;44;23;2;5694;2780;2914;52;66;52;88;49;47;57;75;67;82;37;109;132;263;146;276;444;323;286;302;438;419;227;123;126;228;357;400;294;87;39;3;52;255;365;109;395;2215;769;1111;423
201812;12214424;12;21;44;24;2;10833;5524;5309;105;112;111;278;103;98;94;193;179;213;96;266;340;615;325;634;992;766;672;691;835;780;377;229;217;334;363;398;286;98;27;6;105;604;873;266;955;4915;1386;1312;417
201812;12214527;12;21;45;27;2;10911;5035;5876;95;94;103;150;64;57;55;107;139;107;62;183;236;412;246;472;743;691;568;622;866;811;385;248;233;475;694;816;601;316;187;73;95;411;527;183;648;4208;1444;2218;1177
201812;12214528;12;21;45;28;2;256;138;118;0;3;3;3;0;0;3;7;0;3;0;25;31;30;14;28;24;11;6;12;15;12;6;7;0;3;3;7;0;0;0;0;0;9;13;25;61;110;25;13;0
201812;12224229;12;22;42;29;2;6026;2923;3103;30;45;43;95;53;63;37;107;115;119;58;198;184;140;54;113;214;265;306;372;583;546;268;175;168;297;436;499;291;106;34;12;30;236;499;198;324;1907;989;1400;443
201812;12224230;12;22;42;30;2;18072;8852;9220;115;149;183;319;163;193;142;338;347;282;188;515;529;487;210;365;739;891;921;1174;1688;1693;817;542;533;880;1117;1295;824;291;110;32;115;814;1490;515;1016;5988;3052;3825;1257
201812;12231101;12;23;11;01;2;16643;8020;8623;111;112;148;285;152;149;137;310;293;304;165;442;501;492;220;309;652;753;864;1084;1474;1440;675;479;438;830;1188;1311;830;336;125;34;111;697;1358;442;993;5356;2594;3767;1325
201812;12231102;12;23;11;02;2;16828;8070;8758;110;127;128;280;169;175;164;347;348;331;174;568;498;472;175;272;500;734;869;1175;1507;1370;667;447;425;734;1131;1442;921;339;178;51;110;704;1539;568;970;5232;2484;3732;1489
201812;12301203;12;30;12;03;2;15084;7656;7428;106;128;152;280;129;105;104;237;228;186;108;339;413;698;392;663;992;906;750;885;1246;1124;555;369;319;529;800;1056;793;308;129;55;106;689;968;339;1111;5834;2048;2704;1285
201812;12301204;12;30;12;04;2;6229;3012;3217;42;55;63;97;51;62;57;98;81;96;48;197;193;268;118;168;285;298;265;402;574;590;258;172;129;270;390;438;287;113;46;18;42;266;442;197;461;2110;1020;1227;464
201812;12301205;12;30;12;05;2;5005;2427;2578;36;39;45;95;56;46;37;79;88;85;37;162;135;171;100;166;277;267;266;342;453;386;185;137;122;209;298;314;189;103;61;19;36;235;372;162;306;1871;708;943;372
201812;12301206;12;30;12;06;2;5185;2557;2628;41;37;49;97;36;39;61;122;103;100;49;159;163;148;63;104;217;280;281;367;484;450;238;145;166;231;301;375;193;51;32;3;41;219;474;159;311;1796;833;1073;279
201812;12302107;12;30;21;07;2;3071;1500;1571;27;38;24;48;15;20;25;46;58;51;30;90;108;136;85;93;165;155;157;184;259;248;122;70;85;118;217;193;145;41;15;3;27;125;230;90;244;1098;440;613;204
201812;12302108;12;30;21;08;2;14578;6916;7662;131;190;190;358;198;166;160;340;382;363;209;535;510;625;340;521;834;839;832;856;874;887;412;247;320;536;806;947;619;227;86;38;131;936;1620;535;1135;5096;1546;2609;970
201812;12302109;12;30;21;09;2;11691;5684;6007;145;160;180;345;161;184;167;334;329;290;140;437;407;528;285;500;827;754;707;677;661;677;345;211;207;351;522;520;403;159;72;6;145;846;1444;437;935;4411;1233;1600;640
201812;12302110;12;30;21;10;2;10574;5151;5423;128;108;136;319;155;183;144;347;311;330;134;450;438;495;273;426;710;709;618;619;680;601;304;186;170;277;408;440;313;128;31;3;128;718;1449;450;933;4035;1091;1295;475
201812;12302211;12;30;22;11;2;3339;1642;1697;27;13;24;43;21;13;21;28;39;42;28;73;106;120;78;105;169;134;161;186;309;298;144;97;99;150;205;317;190;81;12;6;27;101;171;73;226;1142;539;771;289
201812;12302212;12;30;22;12;2;5964;2962;3002;87;101;80;173;81;117;85;169;154;193;83;213;228;297;140;230;399;385;314;359;400;340;163;108;84;160;223;293;209;68;22;6;87;435;801;213;525;2227;611;760;305
201812;12304313;12;30;43;13;2;6735;3372;3363;69;74;64;89;37;46;47;103;94;86;44;132;140;329;208;362;531;452;367;442;624;537;259;172;131;234;291;396;234;79;53;9;69;264;420;132;469;2986;968;1052;375
201812;12304314;12;30;43;14;2;9738;4545;5193;67;71;75;158;61;64;61;132;128;102;57;211;248;378;219;351;622;537;458;602;860;817;382;245;262;414;620;741;464;216;94;21;67;365;544;211;626;3649;1444;2037;795
